product_id,cluster,scenario_multiplier,current_price,scenario_price,pred_qty,pred_revenue,is_optimal
computers3,Cluster_Margin,0.8,132.97,106.376,14.94330883026123,1589.6094201278688,0
computers3,Cluster_Margin,0.825,132.97,109.70025,14.94330883026123,1639.2847145068645,0
computers3,Cluster_Margin,0.85,132.97,113.02449999999999,14.94330883026123,1688.9600088858604,0
computers3,Cluster_Margin,0.875,132.97,116.34875,14.94330883026123,1738.6353032648562,0
computers3,Cluster_Margin,0.9,132.97,119.673,14.94330883026123,1788.3105976438524,0
computers3,Cluster_Margin,0.925,132.97,122.99725000000001,14.94330883026123,1837.9858920228482,0
computers3,Cluster_Margin,0.95,132.97,126.32149999999999,14.94330883026123,1887.661186401844,0
computers3,Cluster_Margin,0.975,132.97,129.64575,14.94330883026123,1937.3364807808398,0
computers3,Cluster_Margin,1.0,132.97,132.97,14.94330883026123,1987.011775159836,0
computers3,Cluster_Margin,1.025,132.97,136.29424999999998,14.94330883026123,2036.6870695388313,0
computers3,Cluster_Margin,1.05,132.97,139.6185,15.280208587646484,2133.399802694321,0
computers3,Cluster_Margin,1.075,132.97,142.94275,15.280208587646484,2184.1950360918045,0
computers3,Cluster_Margin,1.1,132.97,146.26700000000002,15.280208587646484,2234.9902694892885,0
computers3,Cluster_Margin,1.125,132.97,149.59125,15.280208587646484,2285.785502886772,0
computers3,Cluster_Margin,1.15,132.97,152.91549999999998,15.280208587646484,2336.5807362842556,0
computers3,Cluster_Margin,1.175,132.97,156.23975000000002,15.280208587646484,2387.37596968174,0
computers3,Cluster_Margin,1.2,132.97,159.564,15.280208587646484,2438.1712030792237,1
cool1,Cluster_Margin,0.8,89.86333333,71.89066666400001,14.925749778747559,1073.0221020542126,0
cool1,Cluster_Margin,0.825,89.86333333,74.13724999725,14.925749778747559,1106.5540427434066,0
cool1,Cluster_Margin,0.85,89.86333333,76.3838333305,14.925749778747559,1140.0859834326006,0
cool1,Cluster_Margin,0.875,89.86333333,78.63041666375,14.925749778747559,1173.6179241217949,0
cool1,Cluster_Margin,0.9,89.86333333,80.876999997,14.925749778747559,1207.1498648109891,0
cool1,Cluster_Margin,0.925,89.86333333,83.12358333025001,14.925749778747559,1240.6818055001834,0
cool1,Cluster_Margin,0.95,89.86333333,85.3701666635,14.925749778747559,1274.2137461893774,0
cool1,Cluster_Margin,0.975,89.86333333,87.61674999675,14.925749778747559,1307.7456868785714,0
cool1,Cluster_Margin,1.0,89.86333333,89.86333333,14.925749778747559,1341.2776275677656,0
cool1,Cluster_Margin,1.025,89.86333333,92.10991666324999,14.925749778747559,1374.8095682569597,0
cool1,Cluster_Margin,1.05,89.86333333,94.3564999965,14.925749778747559,1408.341508946154,0
cool1,Cluster_Margin,1.075,89.86333333,96.60308332974999,14.925749778747559,1441.873449635348,0
cool1,Cluster_Margin,1.1,89.86333333,98.84966666300001,14.925749778747559,1475.4053903245424,0
cool1,Cluster_Margin,1.125,89.86333333,101.09624999625001,14.925749778747559,1508.9373310137364,0
cool1,Cluster_Margin,1.15,89.86333333,103.3428333295,14.925749778747559,1542.4692717029304,0
cool1,Cluster_Margin,1.175,89.86333333,105.58941666275001,14.925749778747559,1576.0012123921247,0
cool1,Cluster_Margin,1.2,89.86333333,107.835999996,14.925749778747559,1609.5331530813187,1
cool4,Cluster_Margin,0.8,169.99,135.99200000000002,15.144075393676758,2059.4731009368898,0
cool4,Cluster_Margin,0.825,169.99,140.24175,15.144075393676758,2123.8316353411674,0
cool4,Cluster_Margin,0.85,169.99,144.4915,15.144075393676758,2188.1901697454455,0
cool4,Cluster_Margin,0.875,169.99,148.74125,15.144075393676758,2252.548704149723,0
cool4,Cluster_Margin,0.9,169.99,152.991,15.144075393676758,2316.907238554001,0
cool4,Cluster_Margin,0.925,169.99,157.24075000000002,15.144075393676758,2381.265772958279,0
cool4,Cluster_Margin,0.95,169.99,161.4905,15.144075393676758,2445.6243073625565,0
cool4,Cluster_Margin,0.975,169.99,165.74025,15.144075393676758,2509.982841766834,0
cool4,Cluster_Margin,1.0,169.99,169.99,14.941587448120117,2539.9204503059386,0
cool4,Cluster_Margin,1.025,169.99,174.23975,14.941587448120117,2603.418461563587,0
cool4,Cluster_Margin,1.05,169.99,178.48950000000002,14.941587448120117,2666.916472821236,0
cool4,Cluster_Margin,1.075,169.99,182.73925,14.941587448120117,2730.414484078884,0
cool4,Cluster_Margin,1.1,169.99,186.98900000000003,14.941587448120117,2793.912495336533,0
cool4,Cluster_Margin,1.125,169.99,191.23875,14.941587448120117,2857.4105065941812,0
cool4,Cluster_Margin,1.15,169.99,195.4885,14.941587448120117,2920.9085178518294,0
cool4,Cluster_Margin,1.175,169.99,199.73825000000002,14.941587448120117,2984.4065291094785,0
cool4,Cluster_Margin,1.2,169.99,203.988,14.941587448120117,3047.9045403671266,1
cool5,Cluster_Margin,0.8,84.6925,67.754,14.691497802734375,995.4077421264649,0
cool5,Cluster_Margin,0.825,84.6925,69.87131249999999,14.691497802734375,1026.5142340679167,0
cool5,Cluster_Margin,0.85,84.6925,71.988625,14.691497802734375,1057.6207260093688,0
cool5,Cluster_Margin,0.875,84.6925,74.1059375,14.691497802734375,1088.727217950821,0
cool5,Cluster_Margin,0.9,84.6925,76.22325,14.691497802734375,1119.8337098922727,0
cool5,Cluster_Margin,0.925,84.6925,78.3405625,14.691497802734375,1150.940201833725,0
cool5,Cluster_Margin,0.95,84.6925,80.45787499999999,14.691497802734375,1182.046693775177,0
cool5,Cluster_Margin,0.975,84.6925,82.5751875,14.691497802734375,1213.153185716629,0
cool5,Cluster_Margin,1.0,84.6925,84.6925,14.691497802734375,1244.259677658081,0
cool5,Cluster_Margin,1.025,84.6925,86.80981249999999,14.691497802734375,1275.366169599533,0
cool5,Cluster_Margin,1.05,84.6925,88.927125,14.691497802734375,1306.4726615409852,0
cool5,Cluster_Margin,1.075,84.6925,91.04443749999999,14.691497802734375,1337.579153482437,0
cool5,Cluster_Margin,1.1,84.6925,93.16175,14.691497802734375,1368.6856454238891,0
cool5,Cluster_Margin,1.125,84.6925,95.2790625,14.691497802734375,1399.7921373653412,0
cool5,Cluster_Margin,1.15,84.6925,97.39637499999999,14.691497802734375,1430.898629306793,0
cool5,Cluster_Margin,1.175,84.6925,99.5136875,14.691497802734375,1462.0051212482454,0
cool5,Cluster_Margin,1.2,84.6925,101.63099999999999,14.691497802734375,1493.111613189697,1
consoles2,Cluster_Margin,0.8,34.2,27.360000000000003,14.94330883026123,408.8489295959473,0
consoles2,Cluster_Margin,0.825,34.2,28.215,14.94330883026123,421.62545864582063,0
consoles2,Cluster_Margin,0.85,34.2,29.07,14.94330883026123,434.40198769569395,0
consoles2,Cluster_Margin,0.875,34.2,29.925000000000004,14.94330883026123,447.1785167455674,0
consoles2,Cluster_Margin,0.9,34.2,30.780000000000005,14.94330883026123,459.95504579544075,0
consoles2,Cluster_Margin,0.925,34.2,31.635000000000005,14.94330883026123,472.7315748453141,0
consoles2,Cluster_Margin,0.95,34.2,32.49,14.94330883026123,485.5081038951874,0
consoles2,Cluster_Margin,0.975,34.2,33.345,14.94330883026123,498.2846329450607,0
consoles2,Cluster_Margin,1.0,34.2,34.2,14.94330883026123,511.06116199493414,0
consoles2,Cluster_Margin,1.025,34.2,35.055,14.94330883026123,523.8376910448075,0
consoles2,Cluster_Margin,1.05,34.2,35.910000000000004,14.94330883026123,536.6142200946808,0
consoles2,Cluster_Margin,1.075,34.2,36.765,14.94330883026123,549.3907491445541,0
consoles2,Cluster_Margin,1.1,34.2,37.620000000000005,14.94330883026123,562.1672781944276,0
consoles2,Cluster_Margin,1.125,34.2,38.475,15.280208587646484,587.9060254096985,0
consoles2,Cluster_Margin,1.15,34.2,39.33,15.280208587646484,600.9706037521362,0
consoles2,Cluster_Margin,1.175,34.2,40.185,15.280208587646484,614.035182094574,0
consoles2,Cluster_Margin,1.2,34.2,41.04,15.280208587646484,627.0997604370117,1
garden5,Cluster_Margin,0.8,101.0,80.80000000000001,14.691497802734375,1187.0730224609376,0
garden5,Cluster_Margin,0.825,101.0,83.32499999999999,14.691497802734375,1224.1690544128417,0
garden5,Cluster_Margin,0.85,101.0,85.85,14.691497802734375,1261.265086364746,0
garden5,Cluster_Margin,0.875,101.0,88.375,14.691497802734375,1298.3611183166504,0
garden5,Cluster_Margin,0.9,101.0,90.9,14.691497802734375,1335.4571502685549,0
garden5,Cluster_Margin,0.925,101.0,93.42500000000001,14.691497802734375,1372.5531822204591,0
garden5,Cluster_Margin,0.95,101.0,95.94999999999999,14.691497802734375,1409.6492141723631,0
garden5,Cluster_Margin,0.975,101.0,98.475,14.691497802734375,1446.7452461242674,0
garden5,Cluster_Margin,1.0,101.0,101.0,14.691497802734375,1483.8412780761719,0
garden5,Cluster_Margin,1.025,101.0,103.52499999999999,14.691497802734375,1520.9373100280761,0
garden5,Cluster_Margin,1.05,101.0,106.05000000000001,14.691497802734375,1558.0333419799806,0
garden5,Cluster_Margin,1.075,101.0,108.57499999999999,14.96658706665039,1624.997190761566,0
garden5,Cluster_Margin,1.1,101.0,111.10000000000001,14.96658706665039,1662.7878231048585,0
garden5,Cluster_Margin,1.125,101.0,113.625,14.96658706665039,1700.5784554481506,0
garden5,Cluster_Margin,1.15,101.0,116.14999999999999,14.96658706665039,1738.3690877914428,0
garden5,Cluster_Margin,1.175,101.0,118.67500000000001,14.96658706665039,1776.1597201347354,0
garden5,Cluster_Margin,1.2,101.0,121.19999999999999,14.96658706665039,1813.950352478027,1
health1,Cluster_Margin,0.8,84.99,67.992,15.018381118774414,1021.12976902771,0
health1,Cluster_Margin,0.825,84.99,70.11675,15.018381118774414,1053.0400743098257,0
health1,Cluster_Margin,0.85,84.99,72.24149999999999,15.018381118774414,1084.9503795919416,0
health1,Cluster_Margin,0.875,84.99,74.36625,15.018381118774414,1116.8606848740576,0
health1,Cluster_Margin,0.9,84.99,76.491,15.018381118774414,1148.7709901561736,0
health1,Cluster_Margin,0.925,84.99,78.61575,15.018381118774414,1180.6812954382897,0
health1,Cluster_Margin,0.95,84.99,80.7405,15.018381118774414,1212.5916007204055,0
health1,Cluster_Margin,0.975,84.99,82.86524999999999,15.018381118774414,1244.5019060025213,0
health1,Cluster_Margin,1.0,84.99,84.99,15.018381118774414,1276.4122112846374,0
health1,Cluster_Margin,1.025,84.99,87.11474999999999,15.018381118774414,1308.3225165667532,0
health1,Cluster_Margin,1.05,84.99,89.23949999999999,15.018381118774414,1340.2328218488692,0
health1,Cluster_Margin,1.075,84.99,91.36424999999998,15.018381118774414,1372.143127130985,0
health1,Cluster_Margin,1.1,84.99,93.489,15.018381118774414,1404.0534324131013,0
health1,Cluster_Margin,1.125,84.99,95.61375,15.018381118774414,1435.963737695217,0
health1,Cluster_Margin,1.15,84.99,97.73849999999999,15.018381118774414,1467.874042977333,0
health1,Cluster_Margin,1.175,84.99,99.86325,15.018381118774414,1499.784348259449,0
health1,Cluster_Margin,1.2,84.99,101.98799999999999,15.018381118774414,1531.6946535415648,1
health2,Cluster_Margin,0.8,330.0,264.0,15.018381118774414,3964.8526153564453,0
health2,Cluster_Margin,0.825,330.0,272.25,15.018381118774414,4088.7542595863342,0
health2,Cluster_Margin,0.85,330.0,280.5,15.018381118774414,4212.655903816223,0
health2,Cluster_Margin,0.875,330.0,288.75,15.018381118774414,4336.557548046112,0
health2,Cluster_Margin,0.9,330.0,297.0,15.018381118774414,4460.459192276001,0
health2,Cluster_Margin,0.925,330.0,305.25,15.018381118774414,4584.36083650589,0
health2,Cluster_Margin,0.95,330.0,313.5,15.018381118774414,4708.262480735779,0
health2,Cluster_Margin,0.975,330.0,321.75,15.018381118774414,4832.164124965668,0
health2,Cluster_Margin,1.0,330.0,330.0,15.018381118774414,4956.065769195557,0
health2,Cluster_Margin,1.025,330.0,338.24999999999994,15.018381118774414,5079.967413425445,0
health2,Cluster_Margin,1.05,330.0,346.5,15.018381118774414,5203.8690576553345,0
health2,Cluster_Margin,1.075,330.0,354.75,15.018381118774414,5327.770701885223,0
health2,Cluster_Margin,1.1,330.0,363.00000000000006,15.018381118774414,5451.672346115113,0
health2,Cluster_Margin,1.125,330.0,371.25,15.018381118774414,5575.573990345001,0
health2,Cluster_Margin,1.15,330.0,379.49999999999994,15.018381118774414,5699.475634574889,0
health2,Cluster_Margin,1.175,330.0,387.75,15.018381118774414,5823.377278804779,0
health2,Cluster_Margin,1.2,330.0,396.0,15.018381118774414,5947.278923034668,1
health3,Cluster_Margin,0.8,122.99,98.392,15.018381118774414,1477.688555038452,0
health3,Cluster_Margin,0.825,122.99,101.46674999999999,15.018381118774414,1523.8663223834037,0
health3,Cluster_Margin,0.85,122.99,104.5415,15.018381118774414,1570.0440897283554,0
health3,Cluster_Margin,0.875,122.99,107.61625,15.018381118774414,1616.2218570733069,0
health3,Cluster_Margin,0.9,122.99,110.691,15.018381118774414,1662.3996244182588,0
health3,Cluster_Margin,0.925,122.99,113.76575,15.018381118774414,1708.5773917632102,0
health3,Cluster_Margin,0.95,122.99,116.84049999999999,15.018381118774414,1754.7551591081617,0
health3,Cluster_Margin,0.975,122.99,119.91524999999999,15.018381118774414,1800.9329264531134,0
health3,Cluster_Margin,1.0,122.99,122.99,15.018381118774414,1847.110693798065,0
health3,Cluster_Margin,1.025,122.99,126.06474999999999,15.018381118774414,1893.2884611430165,0
health3,Cluster_Margin,1.05,122.99,129.1395,15.018381118774414,1939.4662284879685,0
health3,Cluster_Margin,1.075,122.99,132.21425,15.018381118774414,1985.64399583292,0
health3,Cluster_Margin,1.1,122.99,135.28900000000002,15.018381118774414,2031.8217631778718,0
health3,Cluster_Margin,1.125,122.99,138.36374999999998,15.018381118774414,2077.999530522823,0
health3,Cluster_Margin,1.15,122.99,141.43849999999998,15.018381118774414,2124.1772978677745,0
health3,Cluster_Margin,1.175,122.99,144.51325,15.018381118774414,2170.3550652127265,0
health3,Cluster_Margin,1.2,122.99,147.588,15.018381118774414,2216.532832557678,1
bed2,Cluster_Margin,0.8,74.0,59.2,16.89020538330078,999.9001586914063,0
bed2,Cluster_Margin,0.825,74.0,61.05,16.89020538330078,1031.1470386505127,0
bed2,Cluster_Margin,0.85,74.0,62.9,15.846593856811523,996.7507535934448,0
bed2,Cluster_Margin,0.875,74.0,64.75,15.846593856811523,1026.0669522285461,0
bed2,Cluster_Margin,0.9,74.0,66.60000000000001,15.846593856811523,1055.3831508636476,0
bed2,Cluster_Margin,0.925,74.0,68.45,15.846593856811523,1084.699349498749,0
bed2,Cluster_Margin,0.95,74.0,70.3,15.846593856811523,1114.01554813385,0
bed2,Cluster_Margin,0.975,74.0,72.14999999999999,15.846593856811523,1143.3317467689512,0
bed2,Cluster_Margin,1.0,74.0,74.0,15.846593856811523,1172.6479454040527,0
bed2,Cluster_Margin,1.025,74.0,75.85,15.846593856811523,1201.964144039154,0
bed2,Cluster_Margin,1.05,74.0,77.7,15.846593856811523,1231.2803426742555,0
bed2,Cluster_Margin,1.075,74.0,79.55,15.846593856811523,1260.5965413093566,0
bed2,Cluster_Margin,1.1,74.0,81.4,15.846593856811523,1289.912739944458,0
bed2,Cluster_Margin,1.125,74.0,83.25,15.846593856811523,1319.2289385795593,0
bed2,Cluster_Margin,1.15,74.0,85.1,15.846593856811523,1348.5451372146606,0
bed2,Cluster_Margin,1.175,74.0,86.95,15.846593856811523,1377.861335849762,0
bed2,Cluster_Margin,1.2,74.0,88.8,15.846593856811523,1407.1775344848631,1
garden2,Cluster_Margin,0.8,49.9,39.92,15.169075965881348,605.5495125579835,0
garden2,Cluster_Margin,0.825,49.9,41.1675,15.169075965881348,624.4729348254203,0
garden2,Cluster_Margin,0.85,49.9,42.415,15.169075965881348,643.3963570928573,0
garden2,Cluster_Margin,0.875,49.9,43.6625,15.169075965881348,662.3197793602943,0
garden2,Cluster_Margin,0.9,49.9,44.91,15.169075965881348,681.2432016277313,0
garden2,Cluster_Margin,0.925,49.9,46.1575,15.754087448120117,727.1692913866043,0
garden2,Cluster_Margin,0.95,49.9,47.404999999999994,15.754087448120117,746.822515478134,0
garden2,Cluster_Margin,0.975,49.9,48.652499999999996,15.754087448120117,766.4757395696639,0
garden2,Cluster_Margin,1.0,49.9,49.9,15.754087448120117,786.1289636611938,0
garden2,Cluster_Margin,1.025,49.9,51.147499999999994,15.754087448120117,805.7821877527236,0
garden2,Cluster_Margin,1.05,49.9,52.395,15.754087448120117,825.4354118442536,0
garden2,Cluster_Margin,1.075,49.9,53.6425,15.754087448120117,845.0886359357834,0
garden2,Cluster_Margin,1.1,49.9,54.89,15.754087448120117,864.7418600273132,0
garden2,Cluster_Margin,1.125,49.9,56.137499999999996,15.754087448120117,884.395084118843,0
garden2,Cluster_Margin,1.15,49.9,57.38499999999999,15.754087448120117,904.0483082103727,0
garden2,Cluster_Margin,1.175,49.9,58.6325,15.754087448120117,923.7015323019028,0
garden2,Cluster_Margin,1.2,49.9,59.879999999999995,15.754087448120117,943.3547563934326,1
garden4,Cluster_Margin,0.8,49.9,39.92,16.89020538330078,674.2569989013672,0
garden4,Cluster_Margin,0.825,49.9,41.1675,16.89020538330078,695.3275301170348,0
garden4,Cluster_Margin,0.85,49.9,42.415,16.89020538330078,716.3980613327026,0
garden4,Cluster_Margin,0.875,49.9,43.6625,16.89020538330078,737.4685925483703,0
garden4,Cluster_Margin,0.9,49.9,44.91,16.89020538330078,758.539123764038,0
garden4,Cluster_Margin,0.925,49.9,46.1575,16.89020538330078,779.6096549797057,0
garden4,Cluster_Margin,0.95,49.9,47.404999999999994,16.89020538330078,800.6801861953734,0
garden4,Cluster_Margin,0.975,49.9,48.652499999999996,16.89020538330078,821.7507174110413,0
garden4,Cluster_Margin,1.0,49.9,49.9,16.89020538330078,842.821248626709,0
garden4,Cluster_Margin,1.025,49.9,51.147499999999994,15.691587448120117,802.5854690027236,0
garden4,Cluster_Margin,1.05,49.9,52.395,15.691587448120117,822.1607243442536,0
garden4,Cluster_Margin,1.075,49.9,53.6425,15.691587448120117,841.7359796857834,0
garden4,Cluster_Margin,1.1,49.9,54.89,15.691587448120117,861.3112350273133,0
garden4,Cluster_Margin,1.125,49.9,56.137499999999996,15.691587448120117,880.886490368843,0
garden4,Cluster_Margin,1.15,49.9,57.38499999999999,15.846593856811523,909.3567884731291,0
garden4,Cluster_Margin,1.175,49.9,58.6325,15.846593856811523,929.1254143095017,0
garden4,Cluster_Margin,1.2,49.9,59.879999999999995,15.846593856811523,948.894040145874,1
bed3,Cluster_Margin,0.8,84.9,67.92,15.299091339111328,1039.1142837524415,0
bed3,Cluster_Margin,0.825,84.9,70.0425,15.299091339111328,1071.5866051197052,0
bed3,Cluster_Margin,0.85,84.9,72.165,15.299091339111328,1104.058926486969,0
bed3,Cluster_Margin,0.875,84.9,74.28750000000001,15.299091339111328,1136.531247854233,0
bed3,Cluster_Margin,0.9,84.9,76.41000000000001,15.299091339111328,1169.0035692214967,0
bed3,Cluster_Margin,0.925,84.9,78.53250000000001,15.299091339111328,1201.4758905887606,0
bed3,Cluster_Margin,0.95,84.9,80.655,15.299091339111328,1233.9482119560241,0
bed3,Cluster_Margin,0.975,84.9,82.7775,15.299091339111328,1266.420533323288,0
bed3,Cluster_Margin,1.0,84.9,84.9,15.299091339111328,1298.8928546905518,0
bed3,Cluster_Margin,1.025,84.9,87.0225,15.299091339111328,1331.3651760578155,0
bed3,Cluster_Margin,1.05,84.9,89.14500000000001,15.299091339111328,1363.8374974250794,0
bed3,Cluster_Margin,1.075,84.9,91.2675,15.299091339111328,1396.309818792343,0
bed3,Cluster_Margin,1.1,84.9,93.39000000000001,15.299091339111328,1428.7821401596073,0
bed3,Cluster_Margin,1.125,84.9,95.5125,15.299091339111328,1461.2544615268707,0
bed3,Cluster_Margin,1.15,84.9,97.635,15.299091339111328,1493.7267828941347,0
bed3,Cluster_Margin,1.175,84.9,99.75750000000001,15.299091339111328,1526.1991042613984,0
bed3,Cluster_Margin,1.2,84.9,101.88000000000001,15.299091339111328,1558.6714256286623,1
health8,Cluster_Margin,0.8,82.82142857,66.257142856,15.280208587646484,1012.4229632611712,0
health8,Cluster_Margin,0.825,82.82142857,68.32767857024999,15.280208587646484,1044.0611808630824,0
health8,Cluster_Margin,0.85,82.82142857,70.3982142845,15.280208587646484,1075.6993984649944,0
health8,Cluster_Margin,0.875,82.82142857,72.46874999875,15.280208587646484,1107.3376160669059,0
health8,Cluster_Margin,0.9,82.82142857,74.539285713,15.280208587646484,1138.9758336688176,0
health8,Cluster_Margin,0.925,82.82142857,76.60982142725,15.280208587646484,1170.614051270729,0
health8,Cluster_Margin,0.95,82.82142857,78.6803571415,15.280208587646484,1202.2522688726406,0
health8,Cluster_Margin,0.975,82.82142857,80.75089285575,15.280208587646484,1233.8904864745523,0
health8,Cluster_Margin,1.0,82.82142857,82.82142857,15.280208587646484,1265.5287040764638,0
health8,Cluster_Margin,1.025,82.82142857,84.89196428425,15.280208587646484,1297.1669216783755,0
health8,Cluster_Margin,1.05,82.82142857,86.9624999985,15.280208587646484,1328.805139280287,0
health8,Cluster_Margin,1.075,82.82142857,89.03303571274999,15.280208587646484,1360.4433568821985,0
health8,Cluster_Margin,1.1,82.82142857,91.103571427,15.280208587646484,1392.0815744841104,0
health8,Cluster_Margin,1.125,82.82142857,93.17410714124999,15.280208587646484,1423.7197920860217,0
health8,Cluster_Margin,1.15,82.82142857,95.24464285549999,15.280208587646484,1455.3580096879334,0
health8,Cluster_Margin,1.175,82.82142857,97.31517856975,15.280208587646484,1486.9962272898451,0
health8,Cluster_Margin,1.2,82.82142857,99.38571428399999,15.280208587646484,1518.6344448917564,1
health4,Cluster_Margin,0.8,29.9,23.92,15.341090202331543,366.95887763977055,0
health4,Cluster_Margin,0.825,29.9,24.667499999999997,15.341090202331543,378.42634256601326,0
health4,Cluster_Margin,0.85,29.9,25.415,15.341090202331543,389.89380749225614,0
health4,Cluster_Margin,0.875,29.9,26.162499999999998,15.341090202331543,401.36127241849897,0
health4,Cluster_Margin,0.9,29.9,26.91,15.341090202331543,412.8287373447418,0
health4,Cluster_Margin,0.925,29.9,27.6575,15.341090202331543,424.2962022709846,0
health4,Cluster_Margin,0.95,29.9,28.404999999999998,15.341090202331543,435.76366719722745,0
health4,Cluster_Margin,0.975,29.9,29.152499999999996,15.341090202331543,447.2311321234703,0
health4,Cluster_Margin,1.0,29.9,29.9,15.341090202331543,458.6985970497131,0
health4,Cluster_Margin,1.025,29.9,30.647499999999997,15.341090202331543,470.1660619759559,0
health4,Cluster_Margin,1.05,29.9,31.395,15.341090202331543,481.6335269021988,0
health4,Cluster_Margin,1.075,29.9,32.1425,15.341090202331543,493.1009918284416,0
health4,Cluster_Margin,1.1,29.9,32.89,15.341090202331543,504.56845675468446,0
health4,Cluster_Margin,1.125,29.9,33.637499999999996,15.341090202331543,516.0359216809272,0
health4,Cluster_Margin,1.15,29.9,34.385,15.341090202331543,527.5033866071701,0
health4,Cluster_Margin,1.175,29.9,35.1325,15.341090202331543,538.9708515334129,0
health4,Cluster_Margin,1.2,29.9,35.879999999999995,15.341090202331543,550.4383164596557,1
garden6,Cluster_Margin,0.8,49.91,39.928,16.89020538330078,674.3921205444335,0
garden6,Cluster_Margin,0.825,49.91,41.175749999999994,16.89020538330078,695.466874311447,0
garden6,Cluster_Margin,0.85,49.91,42.4235,16.89020538330078,716.5416280784607,0
garden6,Cluster_Margin,0.875,49.91,43.67125,16.89020538330078,737.6163818454743,0
garden6,Cluster_Margin,0.9,49.91,44.919,16.89020538330078,758.6911356124878,0
garden6,Cluster_Margin,0.925,49.91,46.16675,16.89020538330078,779.7658893795013,0
garden6,Cluster_Margin,0.95,49.91,47.4145,16.89020538330078,800.8406431465148,0
garden6,Cluster_Margin,0.975,49.91,48.66224999999999,16.89020538330078,821.9153969135283,0
garden6,Cluster_Margin,1.0,49.91,49.91,15.119075775146484,754.593071937561,0
garden6,Cluster_Margin,1.025,49.91,51.15774999999999,15.691587448120117,802.7463077740668,0
garden6,Cluster_Margin,1.05,49.91,52.405499999999996,15.691587448120117,822.3254860124588,0
garden6,Cluster_Margin,1.075,49.91,53.65324999999999,15.691587448120117,841.9046642508506,0
garden6,Cluster_Margin,1.1,49.91,54.901,15.691587448120117,861.4838424892426,0
garden6,Cluster_Margin,1.125,49.91,56.14874999999999,15.691587448120117,881.0630207276344,0
garden6,Cluster_Margin,1.15,49.91,57.39649999999999,15.846593856811523,909.5390243024824,0
garden6,Cluster_Margin,1.175,49.91,58.64425,15.846593856811523,929.3116117873192,0
garden6,Cluster_Margin,1.2,49.91,59.891999999999996,15.846593856811523,949.0841992721557,1
garden8,Cluster_Margin,0.8,139.0,111.2,15.169075965881348,1686.8012474060058,0
garden8,Cluster_Margin,0.825,139.0,114.675,15.169075965881348,1739.5137863874436,0
garden8,Cluster_Margin,0.85,139.0,118.14999999999999,15.169075965881348,1792.2263253688811,0
garden8,Cluster_Margin,0.875,139.0,121.625,15.169075965881348,1844.938864350319,0
garden8,Cluster_Margin,0.9,139.0,125.10000000000001,15.169075965881348,1897.6514033317567,0
garden8,Cluster_Margin,0.925,139.0,128.57500000000002,15.169075965881348,1950.3639423131945,0
garden8,Cluster_Margin,0.95,139.0,132.04999999999998,15.169075965881348,2003.0764812946318,0
garden8,Cluster_Margin,0.975,139.0,135.525,15.169075965881348,2055.7890202760696,0
garden8,Cluster_Margin,1.0,139.0,139.0,15.169075965881348,2108.5015592575073,0
garden8,Cluster_Margin,1.025,139.0,142.475,15.169075965881348,2161.214098238945,0
garden8,Cluster_Margin,1.05,139.0,145.95000000000002,15.169075965881348,2213.926637220383,0
garden8,Cluster_Margin,1.075,139.0,149.42499999999998,15.169075965881348,2266.63917620182,0
garden8,Cluster_Margin,1.1,139.0,152.9,15.169075965881348,2319.351715183258,0
garden8,Cluster_Margin,1.125,139.0,156.375,15.169075965881348,2372.0642541646957,0
garden8,Cluster_Margin,1.15,139.0,159.85,15.169075965881348,2424.7767931461335,0
garden8,Cluster_Margin,1.175,139.0,163.32500000000002,15.169075965881348,2477.4893321275713,0
garden8,Cluster_Margin,1.2,139.0,166.79999999999998,15.169075965881348,2530.2018711090086,1
health6,Cluster_Margin,0.8,66.99,53.592,14.94330883026123,800.8418068313598,0
health6,Cluster_Margin,0.825,66.99,55.266749999999995,14.94330883026123,825.8681132948398,0
health6,Cluster_Margin,0.85,66.99,56.94149999999999,14.94330883026123,850.8944197583197,0
health6,Cluster_Margin,0.875,66.99,58.616249999999994,14.94330883026123,875.9207262217998,0
health6,Cluster_Margin,0.9,66.99,60.291,14.94330883026123,900.9470326852799,0
health6,Cluster_Margin,0.925,66.99,61.96575,15.018381118774414,930.6252498106957,0
health6,Cluster_Margin,0.95,66.99,63.64049999999999,15.018381118774414,955.7772835893629,0
health6,Cluster_Margin,0.975,66.99,65.31524999999999,15.018381118774414,980.9293173680304,0
health6,Cluster_Margin,1.0,66.99,66.99,15.018381118774414,1006.0813511466979,0
health6,Cluster_Margin,1.025,66.99,68.66474999999998,15.018381118774414,1031.2333849253653,0
health6,Cluster_Margin,1.05,66.99,70.3395,15.018381118774414,1056.3854187040329,0
health6,Cluster_Margin,1.075,66.99,72.01424999999999,15.018381118774414,1081.5374524827002,0
health6,Cluster_Margin,1.1,66.99,73.68900000000001,15.018381118774414,1106.6894862613678,0
health6,Cluster_Margin,1.125,66.99,75.36375,15.018381118774414,1131.8415200400352,0
health6,Cluster_Margin,1.15,66.99,77.03849999999998,15.018381118774414,1156.9935538187024,0
health6,Cluster_Margin,1.175,66.99,78.71325,15.018381118774414,1182.1455875973702,0
health6,Cluster_Margin,1.2,66.99,80.38799999999999,15.018381118774414,1207.2976213760376,1
perfumery1,Cluster_Margin,0.8,49.99,39.992000000000004,14.94330883026123,597.6128067398072,0
perfumery1,Cluster_Margin,0.825,49.99,41.241749999999996,14.94330883026123,616.288206950426,0
perfumery1,Cluster_Margin,0.85,49.99,42.4915,14.94330883026123,634.9636071610452,0
perfumery1,Cluster_Margin,0.875,49.99,43.74125,14.94330883026123,653.6390073716641,0
perfumery1,Cluster_Margin,0.9,49.99,44.991,14.94330883026123,672.314407582283,0
perfumery1,Cluster_Margin,0.925,49.99,46.240750000000006,14.94330883026123,690.9898077929021,0
perfumery1,Cluster_Margin,0.95,49.99,47.4905,14.94330883026123,709.6652080035209,0
perfumery1,Cluster_Margin,0.975,49.99,48.74025,14.94330883026123,728.3406082141399,0
perfumery1,Cluster_Margin,1.0,49.99,49.99,14.94330883026123,747.016008424759,0
perfumery1,Cluster_Margin,1.025,49.99,51.23975,14.94330883026123,765.6914086353779,0
perfumery1,Cluster_Margin,1.05,49.99,52.48950000000001,14.94330883026123,784.366808845997,0
perfumery1,Cluster_Margin,1.075,49.99,53.73925,14.94330883026123,803.0422090566158,0
perfumery1,Cluster_Margin,1.1,49.99,54.989000000000004,14.94330883026123,821.7176092672348,0
perfumery1,Cluster_Margin,1.125,49.99,56.23875,14.94330883026123,840.3930094778539,0
perfumery1,Cluster_Margin,1.15,49.99,57.488499999999995,14.94330883026123,859.0684096884727,0
perfumery1,Cluster_Margin,1.175,49.99,58.73825000000001,14.94330883026123,877.7438098990918,0
perfumery1,Cluster_Margin,1.2,49.99,59.988,14.94330883026123,896.4192101097107,1
watches4,Cluster_Margin,0.8,105.0,84.0,15.125750541687012,1270.563045501709,0
watches4,Cluster_Margin,0.825,105.0,86.625,15.125750541687012,1310.2681406736374,0
watches4,Cluster_Margin,0.85,105.0,89.25,15.125750541687012,1349.9732358455658,0
watches4,Cluster_Margin,0.875,105.0,91.875,15.125750541687012,1389.6783310174942,0
watches4,Cluster_Margin,0.9,105.0,94.5,15.125750541687012,1429.3834261894226,0
watches4,Cluster_Margin,0.925,105.0,97.125,15.125750541687012,1469.088521361351,0
watches4,Cluster_Margin,0.95,105.0,99.75,15.125750541687012,1508.7936165332794,0
watches4,Cluster_Margin,0.975,105.0,102.375,15.125750541687012,1548.4987117052078,0
watches4,Cluster_Margin,1.0,105.0,105.0,15.125750541687012,1588.2038068771362,0
watches4,Cluster_Margin,1.025,105.0,107.62499999999999,15.125750541687012,1627.9089020490644,0
watches4,Cluster_Margin,1.05,105.0,110.25,15.125750541687012,1667.613997220993,0
watches4,Cluster_Margin,1.075,105.0,112.875,15.125750541687012,1707.3190923929214,0
watches4,Cluster_Margin,1.1,105.0,115.50000000000001,15.125750541687012,1747.02418756485,0
watches4,Cluster_Margin,1.125,105.0,118.125,15.125750541687012,1786.7292827367783,0
watches4,Cluster_Margin,1.15,105.0,120.74999999999999,15.125750541687012,1826.4343779087064,0
watches4,Cluster_Margin,1.175,105.0,123.375,15.125750541687012,1866.139473080635,0
watches4,Cluster_Margin,1.2,105.0,126.0,15.125750541687012,1905.8445682525635,1
bed5,Cluster_Volume,0.8,163.3987097,130.71896776000003,39.45724516164003,5157.81035818284,0
bed5,Cluster_Volume,0.825,163.3987097,134.8039355025,38.52309455203836,5193.064753349688,0
bed5,Cluster_Volume,0.85,163.3987097,138.888903245,37.58894394243667,5220.687198302816,0
bed5,Cluster_Volume,0.875,163.3987097,142.97387098750002,36.654793332834984,5240.677693042225,0
bed5,Cluster_Volume,0.9,163.3987097,147.05883873000002,35.7206427232333,5253.036237567914,0
bed5,Cluster_Volume,0.925,163.3987097,151.14380647250002,34.78649211363161,5257.762831879884,1
bed5,Cluster_Volume,0.95,163.3987097,155.22877421500002,33.85234150402994,5254.857475978137,0
bed5,Cluster_Volume,0.975,163.3987097,159.3137419575,32.91819089442825,5244.320169862669,0
bed5,Cluster_Volume,1.0,163.3987097,163.3987097,31.984040284826566,5226.150913533482,0
bed5,Cluster_Volume,1.025,163.3987097,167.4836774425,31.049889675224886,5200.349706990576,0
bed5,Cluster_Volume,1.05,163.3987097,171.568645185,30.1157390656232,5166.91655023395,0
bed5,Cluster_Volume,1.075,163.3987097,175.6536129275,29.18158845602152,5125.851443263607,0
bed5,Cluster_Volume,1.1,163.3987097,179.73858067000003,28.24743784641983,5077.154386079543,0
bed5,Cluster_Volume,1.125,163.3987097,183.8235484125,27.31328723681815,5020.8253786817595,0
bed5,Cluster_Volume,1.15,163.3987097,187.908516155,26.37913662721647,4956.864421070259,0
bed5,Cluster_Volume,1.175,163.3987097,191.99348389750003,25.444986017614784,4885.271513245038,0
bed5,Cluster_Volume,1.2,163.3987097,196.07845164,24.510835408013104,4806.046655206097,0
cool2,Cluster_Volume,0.8,129.99,103.99200000000002,18.846201962003793,1959.8542344326988,1
cool2,Cluster_Volume,0.825,129.99,107.24175,18.110155577852932,1942.1647769412095,0
cool2,Cluster_Volume,0.85,129.99,110.4915,17.374109193702065,1919.6913859759318,0
cool2,Cluster_Volume,0.875,129.99,113.74125000000001,16.6380628095512,1892.4340615368656,0
cool2,Cluster_Volume,0.9,129.99,116.99100000000001,15.902016425400339,1860.3928036240113,0
cool2,Cluster_Volume,0.925,129.99,120.24075000000002,15.165970041249471,1823.5676122373677,0
cool2,Cluster_Volume,0.95,129.99,123.4905,14.429923657098614,1781.9584873769363,0
cool2,Cluster_Volume,0.975,129.99,126.74025,13.69387727294775,1735.5654290427162,0
cool2,Cluster_Volume,1.0,129.99,129.99,12.957830888796883,1684.388437234707,0
cool2,Cluster_Volume,1.025,129.99,133.23975,12.22178450464603,1628.4275119529107,0
cool2,Cluster_Volume,1.05,129.99,136.48950000000002,11.485738120495158,1567.682653197324,0
cool2,Cluster_Volume,1.075,129.99,139.73925,10.749691736344298,1502.1538609679499,0
cool2,Cluster_Volume,1.1,129.99,142.98900000000003,10.013645352193427,1431.8411352647863,0
cool2,Cluster_Volume,1.125,129.99,146.23875,9.27759896804257,1356.7444760878354,0
cool2,Cluster_Volume,1.15,129.99,149.4885,8.54155258389171,1276.8638834370956,0
cool2,Cluster_Volume,1.175,129.99,152.73825000000002,7.805506199740838,1192.1993573125662,0
cool2,Cluster_Volume,1.2,129.99,155.988,7.0694598155899815,1102.75089771425,0
watches5,Cluster_Volume,0.8,199.0,159.20000000000002,27.452276386586448,4370.402400744563,1
watches5,Cluster_Volume,0.825,199.0,164.17499999999998,26.3068944941141,4318.934403571182,0
watches5,Cluster_Volume,0.85,199.0,169.15,25.161512601641746,4256.069856567701,0
watches5,Cluster_Volume,0.875,199.0,174.125,24.016130709169392,4181.80875973412,0
watches5,Cluster_Volume,0.9,199.0,179.1,22.870748816697045,4096.15111307044,0
watches5,Cluster_Volume,0.925,199.0,184.07500000000002,21.725366924224687,3999.0969165766596,0
watches5,Cluster_Volume,0.95,199.0,189.04999999999998,20.579985031752344,3890.6461702527804,0
watches5,Cluster_Volume,0.975,199.0,194.025,19.434603139279986,3770.7988740987994,0
watches5,Cluster_Volume,1.0,199.0,199.0,18.28922124680764,3639.5550281147202,0
watches5,Cluster_Volume,1.025,199.0,203.975,17.14383935433528,3496.914632300539,0
watches5,Cluster_Volume,1.05,199.0,208.95000000000002,15.998457461862927,3342.877686656259,0
watches5,Cluster_Volume,1.075,199.0,213.92499999999998,14.85307556939058,3177.4441911818794,0
watches5,Cluster_Volume,1.1,199.0,218.9,13.707693676918225,3000.6141458773996,0
watches5,Cluster_Volume,1.125,199.0,223.875,12.562311784445876,2812.3875507428206,0
watches5,Cluster_Volume,1.15,199.0,228.85,11.416929891973522,2612.7644057781404,0
watches5,Cluster_Volume,1.175,199.0,233.82500000000002,10.271547999501168,2401.7447109833606,0
watches5,Cluster_Volume,1.2,199.0,238.79999999999998,9.12616610702882,2179.328466358482,0
watches7,Cluster_Volume,0.8,169.3493182,135.47945456,27.11401898606458,3673.392503161513,1
watches7,Cluster_Volume,0.825,169.3493182,139.713187515,26.134735604864176,3651.367216217335,0
watches7,Cluster_Volume,0.85,169.3493182,143.94692047,25.155452223663765,3621.049880626613,0
watches7,Cluster_Volume,0.875,169.3493182,148.180653425,24.176168842463355,3582.4404963893458,0
watches7,Cluster_Volume,0.9,169.3493182,152.41438638,23.196885461262955,3535.5390635055364,0
watches7,Cluster_Volume,0.925,169.3493182,156.64811933500002,22.217602080062548,3480.3455819751825,0
watches7,Cluster_Volume,0.95,169.3493182,160.88185228999998,21.23831869886215,3416.8600517982854,0
watches7,Cluster_Volume,0.975,169.3493182,165.115585245,20.259035317661734,3345.082472974842,0
watches7,Cluster_Volume,1.0,169.3493182,169.3493182,19.27975193646133,3265.012845504856,0
watches7,Cluster_Volume,1.025,169.3493182,173.583051155,18.300468555260927,3176.6511693883263,0
watches7,Cluster_Volume,1.05,169.3493182,177.81678411000001,17.32118517406052,3079.9974446252527,0
watches7,Cluster_Volume,1.075,169.3493182,182.05051706499998,16.34190179286012,2975.051671215635,0
watches7,Cluster_Volume,1.1,169.3493182,186.28425002,15.362618411659712,2861.813849159473,0
watches7,Cluster_Volume,1.125,169.3493182,190.517982975,14.383335030459309,2740.2839784567677,0
watches7,Cluster_Volume,1.15,169.3493182,194.75171593,13.404051649258905,2610.462059107518,0
watches7,Cluster_Volume,1.175,169.3493182,198.985448885,12.424768268058488,2472.348091111722,0
watches7,Cluster_Volume,1.2,169.3493182,203.21918184,11.445484886858088,2325.9420744693857,0
consoles1,Cluster_Volume,0.8,36.2,28.960000000000004,10.038247421069112,290.70764531416154,0
consoles1,Cluster_Volume,0.825,36.2,29.865000000000002,9.85123618592527,294.20716869265823,0
consoles1,Cluster_Volume,0.85,36.2,30.770000000000003,9.66422495078142,297.36820173554435,0
consoles1,Cluster_Volume,0.875,36.2,31.675000000000004,9.477213715637578,300.19074444282035,0
consoles1,Cluster_Volume,0.9,36.2,32.580000000000005,9.290202480493736,302.674796814486,0
consoles1,Cluster_Volume,0.925,36.2,33.48500000000001,9.103191245349887,304.820358850541,0
consoles1,Cluster_Volume,0.95,36.2,34.39,8.916180010206045,306.6274305509859,0
consoles1,Cluster_Volume,0.975,36.2,35.295,8.729168775062202,308.09601191582044,0
consoles1,Cluster_Volume,1.0,36.2,36.2,8.542157539918357,309.22610294504454,0
consoles1,Cluster_Volume,1.025,36.2,37.105,8.355146304774514,310.01770363865836,0
consoles1,Cluster_Volume,1.05,36.2,38.010000000000005,8.168135069630669,310.4708139966618,0
consoles1,Cluster_Volume,1.075,36.2,38.915,7.981123834486827,310.5854340190549,1
consoles1,Cluster_Volume,1.1,36.2,39.82000000000001,7.794112599342982,310.36156370583757,0
consoles1,Cluster_Volume,1.125,36.2,40.725,7.607101364199139,309.79920305700995,0
consoles1,Cluster_Volume,1.15,36.2,41.63,7.420090129055294,308.89835207257187,0
consoles1,Cluster_Volume,1.175,36.2,42.535000000000004,7.233078893911448,307.65901075252344,0
consoles1,Cluster_Volume,1.2,36.2,43.440000000000005,7.046067658767602,306.0811790968647,0
computers5,Cluster_Volume,0.8,78.9,63.120000000000005,13.132553807741761,828.92679634466,1
computers5,Cluster_Volume,0.825,78.9,65.0925,12.678026404811128,825.2444337551683,0
computers5,Cluster_Volume,0.85,78.9,67.065,12.223499001880494,819.7689605611154,0
computers5,Cluster_Volume,0.875,78.9,69.03750000000001,11.768971598949857,812.5003767625009,0
computers5,Cluster_Volume,0.9,78.9,71.01,11.314444196019224,803.4386823593252,0
computers5,Cluster_Volume,0.925,78.9,72.9825,10.85991679308859,792.5838773515881,0
computers5,Cluster_Volume,0.95,78.9,74.955,10.405389390157957,779.9359617392896,0
computers5,Cluster_Volume,0.975,78.9,76.92750000000001,9.950861987227318,765.4949355224296,0
computers5,Cluster_Volume,1.0,78.9,78.9,9.496334584296685,749.2607987010085,0
computers5,Cluster_Volume,1.025,78.9,80.8725,9.041807181366051,731.233551275026,0
computers5,Cluster_Volume,1.05,78.9,82.84500000000001,8.587279778435416,711.4131932444822,0
computers5,Cluster_Volume,1.075,78.9,84.81750000000001,8.13275237550478,689.7997246093767,0
computers5,Cluster_Volume,1.1,78.9,86.79,7.678224972574147,666.3931453697103,0
computers5,Cluster_Volume,1.125,78.9,88.7625,7.223697569643513,641.1934555254824,0
computers5,Cluster_Volume,1.15,78.9,90.735,6.76917016671288,614.2006550766931,0
computers5,Cluster_Volume,1.175,78.9,92.70750000000001,6.314642763782243,585.4147440233423,0
computers5,Cluster_Volume,1.2,78.9,94.68,5.8601153608516094,554.8357223654305,0
bed4,Cluster_Volume,0.8,47.9,38.32,9.908666429693257,379.70009758584564,0
bed4,Cluster_Volume,0.825,47.9,39.5175,9.64691781521247,381.2220747626588,0
bed4,Cluster_Volume,0.85,47.9,40.714999999999996,9.385169200731683,382.11716400779045,0
bed4,Cluster_Volume,0.875,47.9,41.9125,9.123420586250893,382.38536532124056,1
bed4,Cluster_Volume,0.9,47.9,43.11,8.861671971770106,382.0266787030092,0
bed4,Cluster_Volume,0.925,47.9,44.3075,8.599923357289319,381.04110415309646,0
bed4,Cluster_Volume,0.95,47.9,45.504999999999995,8.338174742808532,379.4286416715022,0
bed4,Cluster_Volume,0.975,47.9,46.7025,8.076426128327741,377.1892912582263,0
bed4,Cluster_Volume,1.0,47.9,47.9,7.814677513846954,374.32305291326907,0
bed4,Cluster_Volume,1.025,47.9,49.0975,7.552928899366167,370.8299266366304,0
bed4,Cluster_Volume,1.05,47.9,50.295,7.291180284885376,366.70991242831,0
bed4,Cluster_Volume,1.075,47.9,51.4925,7.029431670404589,361.96301028830834,0
bed4,Cluster_Volume,1.1,47.9,52.690000000000005,6.767683055923799,356.589220216625,0
bed4,Cluster_Volume,1.125,47.9,53.887499999999996,6.505934441443012,350.58854221326027,0
bed4,Cluster_Volume,1.15,47.9,55.084999999999994,6.244185826962225,343.9609762782141,0
bed4,Cluster_Volume,1.175,47.9,56.2825,5.982437212481438,336.7065224114865,0
bed4,Cluster_Volume,1.2,47.9,57.48,5.720688598000651,328.8251806130774,0
furniture4,Cluster_Volume,0.8,83.83333333,67.06666666400001,14.848036224967284,995.808296114878,1
furniture4,Cluster_Volume,0.825,83.83333333,69.16249999725,14.377905332334919,994.4118775080746,0
furniture4,Cluster_Volume,0.85,83.83333333,71.2583333305,13.90777443970255,991.0448269097321,0
furniture4,Cluster_Volume,0.875,83.83333333,73.35416666375001,13.43764354707018,985.7071443198508,0
furniture4,Cluster_Volume,0.9,83.83333333,75.449999997,12.967512654437812,978.3988297384304,0
furniture4,Cluster_Volume,0.925,83.83333333,77.54583333025,12.497381761805439,969.1198831654707,0
furniture4,Cluster_Volume,0.95,83.83333333,79.6416666635,12.027250869173074,957.8703046009726,0
furniture4,Cluster_Volume,0.975,83.83333333,81.73749999675,11.557119976540704,944.6500940449353,0
furniture4,Cluster_Volume,1.0,83.83333333,83.83333333,11.086989083908335,929.4592514973589,0
furniture4,Cluster_Volume,1.025,83.83333333,85.92916666325,10.61685819127597,912.2977769582437,0
furniture4,Cluster_Volume,1.05,83.83333333,88.0249999965,10.146727298643597,893.1656704275891,0
furniture4,Cluster_Volume,1.075,83.83333333,90.12083332975,9.676596406011228,872.0629319053958,0
furniture4,Cluster_Volume,1.1,83.83333333,92.21666666300001,9.206465513378859,848.9895613916635,0
furniture4,Cluster_Volume,1.125,83.83333333,94.31249999625,8.736334620746494,823.9455588863924,0
furniture4,Cluster_Volume,1.15,83.83333333,96.4083333295,8.266203728114125,796.9309243895821,0
furniture4,Cluster_Volume,1.175,83.83333333,98.50416666275001,7.796072835481751,767.9456579012324,0
furniture4,Cluster_Volume,1.2,83.83333333,100.599999996,7.325941942849389,736.9897594213447,0
computers1,Cluster_Volume,0.8,79.9,63.92000000000001,11.290165327826683,721.6673677546817,1
computers1,Cluster_Volume,0.825,79.9,65.9175,10.82987712131011,713.8784251439592,0
computers1,Cluster_Volume,0.85,79.9,67.915,10.369588914793537,704.2506311482032,0
computers1,Cluster_Volume,0.875,79.9,69.91250000000001,9.909300708276964,692.7839857674134,0
computers1,Cluster_Volume,0.9,79.9,71.91000000000001,9.449012501760388,679.4784890015895,0
computers1,Cluster_Volume,0.925,79.9,73.90750000000001,8.988724295243815,664.3341408507323,0
computers1,Cluster_Volume,0.95,79.9,75.905,8.528436088727242,647.3509413148413,0
computers1,Cluster_Volume,0.975,79.9,77.9025,8.068147882210669,628.5288903939166,0
computers1,Cluster_Volume,1.0,79.9,79.9,7.607859675694092,607.867988087958,0
computers1,Cluster_Volume,1.025,79.9,81.8975,7.147571469177523,585.3682343969662,0
computers1,Cluster_Volume,1.05,79.9,83.89500000000001,6.687283262660943,561.0296293209399,0
computers1,Cluster_Volume,1.075,79.9,85.8925,6.226995056144373,534.8521728598805,0
computers1,Cluster_Volume,1.1,79.9,87.89000000000001,5.766706849627797,506.83586501378716,0
computers1,Cluster_Volume,1.125,79.9,89.8875,5.306418643111224,476.98070578266015,0
computers1,Cluster_Volume,1.15,79.9,91.885,4.846130436594651,445.2866951664995,0
computers1,Cluster_Volume,1.175,79.9,93.88250000000001,4.385842230078074,411.75383316530485,0
computers1,Cluster_Volume,1.2,79.9,95.88000000000001,3.925554023561501,376.3821197790768,0
garden3,Cluster_Volume,0.8,99.99,79.992,9.196579805494808,735.6528118011407,1
garden3,Cluster_Volume,0.825,99.99,82.49175,8.65628151877271,714.0718109762187,0
garden3,Cluster_Volume,0.85,99.99,84.99149999999999,8.115983232050612,689.7895888668295,0
garden3,Cluster_Volume,0.875,99.99,87.49125,7.57568494532851,662.806145472973,0
garden3,Cluster_Volume,0.9,99.99,89.991,7.0353866586064076,633.1214807946492,0
garden3,Cluster_Volume,0.925,99.99,92.49075,6.495088371884302,600.7355948318581,0
garden3,Cluster_Volume,0.95,99.99,94.9905,5.954790085162207,565.6484875846006,0
garden3,Cluster_Volume,0.975,99.99,97.49024999999999,5.414491798440105,527.8601590528754,0
garden3,Cluster_Volume,1.0,99.99,99.99,4.874193511718007,487.37060923668344,0
garden3,Cluster_Volume,1.025,99.99,102.48974999999999,4.333895224995908,444.17983813602433,0
garden3,Cluster_Volume,1.05,99.99,104.98949999999999,3.7935969382738026,398.28784575089736,0
garden3,Cluster_Volume,1.075,99.99,107.48924999999998,3.2532986515517077,349.69463208130435,0
garden3,Cluster_Volume,1.1,99.99,109.989,2.7130003648296004,298.4001971272429,0
garden3,Cluster_Volume,1.125,99.99,112.48875,2.1727020781075037,244.40454088871545,0
garden3,Cluster_Volume,1.15,99.99,114.98849999999999,1.6324037913854017,187.70766336572024,0
garden3,Cluster_Volume,1.175,99.99,117.48825,1.0921055046632997,128.3095645582579,0
garden3,Cluster_Volume,1.2,99.99,119.98799999999999,0.551807217941203,66.21024446632906,0
health9,Cluster_Volume,0.8,23.99,19.192,13.273303166955966,254.74123438021888,0
health9,Cluster_Volume,0.825,23.99,19.791749999999997,13.142212075524945,260.1073758457708,0
health9,Cluster_Volume,0.85,23.99,20.391499999999997,13.011120984093925,265.31627354715124,0
health9,Cluster_Volume,0.875,23.99,20.991249999999997,12.880029892662904,270.36792748436017,0
health9,Cluster_Volume,0.9,23.99,21.590999999999998,12.748938801231883,275.26233765739755,0
health9,Cluster_Volume,0.925,23.99,22.19075,12.61784770980086,279.99950406626346,0
health9,Cluster_Volume,0.95,23.99,22.790499999999998,12.486756618369842,284.5794267109579,0
health9,Cluster_Volume,0.975,23.99,23.390249999999998,12.355665526938818,289.00210559148064,0
health9,Cluster_Volume,1.0,23.99,23.99,12.224574435507801,293.26754070783215,0
health9,Cluster_Volume,1.025,23.99,24.589749999999995,12.093483344076777,297.37573206001184,0
health9,Cluster_Volume,1.05,23.99,25.1895,11.962392252645756,301.3266796480203,0
health9,Cluster_Volume,1.075,23.99,25.789249999999996,11.831301161214736,305.12038347185705,0
health9,Cluster_Volume,1.1,23.99,26.389,11.700210069783715,308.75684353152246,0
health9,Cluster_Volume,1.125,23.99,26.98875,11.569118978352694,312.2360598270163,0
health9,Cluster_Volume,1.15,23.99,27.588499999999996,11.438027886921674,315.55803235833855,0
health9,Cluster_Volume,1.175,23.99,28.18825,11.306936795490653,318.7227611254894,0
health9,Cluster_Volume,1.2,23.99,28.787999999999997,11.175845704059629,321.7302461284686,1
furniture3,Cluster_Volume,0.8,35.0,28.0,10.739011720762125,300.6923281813395,0
furniture3,Cluster_Volume,0.825,35.0,28.875,10.542734409714964,304.4214560805196,0
furniture3,Cluster_Volume,0.85,35.0,29.75,10.346457098667798,307.807098685367,0
furniture3,Cluster_Volume,0.875,35.0,30.625,10.150179787620637,310.849255995882,0
furniture3,Cluster_Volume,0.9,35.0,31.5,9.953902476573472,313.54792801206435,0
furniture3,Cluster_Volume,0.925,35.0,32.375,9.75762516552631,315.90311473391426,0
furniture3,Cluster_Volume,0.95,35.0,33.25,9.561347854479148,317.9148161614317,0
furniture3,Cluster_Volume,0.975,35.0,34.125,9.365070543431983,319.58303229461643,0
furniture3,Cluster_Volume,1.0,35.0,35.0,9.168793232384822,320.90776313346873,0
furniture3,Cluster_Volume,1.025,35.0,35.875,8.97251592133766,321.88900867798856,0
furniture3,Cluster_Volume,1.05,35.0,36.75,8.776238610290495,322.52676892817567,0
furniture3,Cluster_Volume,1.075,35.0,37.625,8.579961299243333,322.8210438840304,1
furniture3,Cluster_Volume,1.1,35.0,38.5,8.383683988196172,322.7718335455526,0
furniture3,Cluster_Volume,1.125,35.0,39.375,8.187406677149006,322.3791379127421,0
furniture3,Cluster_Volume,1.15,35.0,40.25,7.991129366101846,321.6429569855993,0
furniture3,Cluster_Volume,1.175,35.0,41.125,7.7948520550546805,320.56329076412374,0
furniture3,Cluster_Volume,1.2,35.0,42.0,7.598574744007519,319.1401392483158,0
watches2,Cluster_Volume,0.8,138.0,110.4,10.733807741629608,1185.0123746759089,1
watches2,Cluster_Volume,0.825,138.0,113.85,9.937299647839566,1131.3615649065346,0
watches2,Cluster_Volume,0.85,138.0,117.3,9.140791554049525,1072.2148492900092,0
watches2,Cluster_Volume,0.875,138.0,120.75,8.344283460259483,1007.5722278263326,0
watches2,Cluster_Volume,0.9,138.0,124.2,7.547775366469442,937.4337005155047,0
watches2,Cluster_Volume,0.925,138.0,127.65,6.751267272679397,861.7992673575251,0
watches2,Cluster_Volume,0.95,138.0,131.1,5.954759178889359,780.6689283523949,0
watches2,Cluster_Volume,0.975,138.0,134.54999999999998,5.158251085099322,694.0426835001138,0
watches2,Cluster_Volume,1.0,138.0,138.0,4.361742991309273,601.9205328006797,0
watches2,Cluster_Volume,1.025,138.0,141.45,3.5652348975192334,504.3024762540955,0
watches2,Cluster_Volume,1.05,138.0,144.9,2.7687268037291846,401.18851386035885,0
watches2,Cluster_Volume,1.075,138.0,148.35,1.9722187099391426,292.5786456194718,0
watches2,Cluster_Volume,1.1,138.0,151.8,1.1757106161491044,178.47287153143407,0
watches2,Cluster_Volume,1.125,138.0,155.25,0.3792025223590627,58.871191596244486,0
watches2,Cluster_Volume,1.15,138.0,158.7,0.0,0.0,0
watches2,Cluster_Volume,1.175,138.0,162.15,0.0,0.0,0
watches2,Cluster_Volume,1.2,138.0,165.6,0.0,0.0,0
computers4,Cluster_Volume,0.8,119.99,95.992,14.521906519336136,1393.9868506041144,1
computers4,Cluster_Volume,0.825,119.99,98.99175,13.830667697059242,1369.1219990003642,0
computers4,Cluster_Volume,0.85,119.99,101.99149999999999,13.139428874782356,1340.1100600823645,0
computers4,Cluster_Volume,0.875,119.99,104.99125,12.448190052505458,1306.9510338501136,0
computers4,Cluster_Volume,0.9,119.99,107.991,11.756951230228568,1269.6449203036132,0
computers4,Cluster_Volume,0.925,119.99,110.99075,11.06571240795167,1228.191719442862,0
computers4,Cluster_Volume,0.95,119.99,113.99049999999998,10.374473585674783,1182.5914312678613,0
computers4,Cluster_Volume,0.975,119.99,116.99024999999999,9.68323476339789,1132.8440557786098,0
computers4,Cluster_Volume,1.0,119.99,119.99,8.991995941120996,1078.9495929751083,0
computers4,Cluster_Volume,1.025,119.99,122.98974999999999,8.300757118844105,1020.9080428573567,0
computers4,Cluster_Volume,1.05,119.99,125.9895,7.6095182965672095,958.7194054253545,0
computers4,Cluster_Volume,1.075,119.99,128.98925,6.918279474290317,892.3836806791023,0
computers4,Cluster_Volume,1.1,119.99,131.989,6.227040652013423,821.9008686185998,0
computers4,Cluster_Volume,1.125,119.99,134.98874999999998,5.535801829736537,747.2709692438478,0
computers4,Cluster_Volume,1.15,119.99,137.9885,4.844563007459639,668.4939825548444,0
computers4,Cluster_Volume,1.175,119.99,140.98825,4.153324185182752,585.5699085515921,0
computers4,Cluster_Volume,1.2,119.99,143.988,3.462085362905855,498.4987472340882,0
health5,Cluster_Volume,0.8,349.9,279.92,17.857016794803528,4998.536141201404,1
health5,Cluster_Volume,0.825,349.9,288.66749999999996,15.945021259509074,4602.809424429335,0
health5,Cluster_Volume,0.85,349.9,297.41499999999996,14.033025724214609,4173.632345767287,0
health5,Cluster_Volume,0.875,349.9,306.16249999999997,12.12103018892014,3711.0049052152617,0
health5,Cluster_Volume,0.9,349.9,314.90999999999997,10.209034653625674,3214.9271027732607,0
health5,Cluster_Volume,0.925,349.9,323.65749999999997,8.297039118331202,2685.3989384412807,0
health5,Cluster_Volume,0.95,349.9,332.405,6.385043583036734,2122.4204122193255,0
health5,Cluster_Volume,0.975,349.9,341.1525,4.473048047742265,1525.991524107393,0
health5,Cluster_Volume,1.0,349.9,349.9,2.561052512447799,896.1122741054847,0
health5,Cluster_Volume,1.025,349.9,358.6474999999999,0.6490569771533441,232.7826622136039,0
health5,Cluster_Volume,1.05,349.9,367.395,0.0,0.0,0
health5,Cluster_Volume,1.075,349.9,376.1425,0.0,0.0,0
health5,Cluster_Volume,1.1,349.9,384.89,0.0,0.0,0
health5,Cluster_Volume,1.125,349.9,393.6375,0.0,0.0,0
health5,Cluster_Volume,1.15,349.9,402.38499999999993,0.0,0.0,0
health5,Cluster_Volume,1.175,349.9,411.1325,0.0,0.0,0
health5,Cluster_Volume,1.2,349.9,419.87999999999994,0.0,0.0,0
health7,Cluster_Volume,0.8,58.99,47.19200000000001,14.645541678932215,691.1524029121692,0
health7,Cluster_Volume,0.825,58.99,48.66675,14.323196389915296,697.0634179089102,0
health7,Cluster_Volume,0.85,58.99,50.1415,14.000851100898373,702.0236754756958,0
health7,Cluster_Volume,0.875,58.99,51.61625,13.67850581188145,706.033175612526,0
health7,Cluster_Volume,0.9,58.99,53.091,13.356160522864531,709.0919183194009,0
health7,Cluster_Volume,0.925,58.99,54.56575,13.033815233847612,711.1999035963204,0
health7,Cluster_Volume,0.95,58.99,56.0405,12.71146994483069,712.3571314432843,0
health7,Cluster_Volume,0.975,58.99,57.51525,12.38912465581377,712.5636018602929,1
health7,Cluster_Volume,1.0,58.99,58.99,12.066779366796847,711.819314847346,0
health7,Cluster_Volume,1.025,58.99,60.464749999999995,11.744434077779928,710.1242704044439,0
health7,Cluster_Volume,1.05,58.99,61.9395,11.422088788763006,707.4784685315863,0
health7,Cluster_Volume,1.075,58.99,63.41425,11.099743499746086,703.8819092287733,0
health7,Cluster_Volume,1.1,58.99,64.88900000000001,10.777398210729164,699.3345924960048,0
health7,Cluster_Volume,1.125,58.99,66.36375,10.455052921712246,693.836518333281,0
health7,Cluster_Volume,1.15,58.99,67.8385,10.132707632695324,687.3876867406017,0
health7,Cluster_Volume,1.175,58.99,69.31325000000001,9.810362343678399,679.9880977179669,0
health7,Cluster_Volume,1.2,58.99,70.788,9.488017054661483,671.637751265377,0
garden9,Cluster_Volume,0.8,49.9,39.92,6.043484265370197,241.2558918735783,1
garden9,Cluster_Volume,0.825,49.9,41.1675,5.7738484567150055,237.69490634181497,0
garden9,Cluster_Volume,0.85,49.9,42.415,5.50421264805981,233.46117946745684,0
garden9,Cluster_Volume,0.875,49.9,43.6625,5.234576839404618,228.55471125050417,0
garden9,Cluster_Volume,0.9,49.9,44.91,4.964941030749427,222.97550169095672,0
garden9,Cluster_Volume,0.925,49.9,46.1575,4.695305222094231,216.72355078881446,0
garden9,Cluster_Volume,0.95,49.9,47.404999999999994,4.425669413439036,209.79885854407746,0
garden9,Cluster_Volume,0.975,49.9,48.652499999999996,4.156033604783841,202.2014249567458,0
garden9,Cluster_Volume,1.0,49.9,49.9,3.886397796128649,193.93125002681958,0
garden9,Cluster_Volume,1.025,49.9,51.147499999999994,3.616761987473457,184.98833375429862,0
garden9,Cluster_Volume,1.05,49.9,52.395,3.347126178818262,175.37267613918283,0
garden9,Cluster_Volume,1.075,49.9,53.6425,3.0774903701630665,165.0842771814723,0
garden9,Cluster_Volume,1.1,49.9,54.89,2.8078545615078747,154.12313688116726,0
garden9,Cluster_Volume,1.125,49.9,56.137499999999996,2.538218752852683,142.48925523826748,0
garden9,Cluster_Volume,1.15,49.9,57.38499999999999,2.2685829441974876,130.1826322527728,0
garden9,Cluster_Volume,1.175,49.9,58.6325,1.9989471355422923,117.20326792468346,0
garden9,Cluster_Volume,1.2,49.9,59.879999999999995,1.7293113268870988,103.55116225399946,0
garden10,Cluster_Volume,0.8,49.9,39.92,6.224723219350394,248.49095091646774,1
garden10,Cluster_Volume,0.825,49.9,41.1675,5.955087410695202,245.15606097979472,0
garden10,Cluster_Volume,0.85,49.9,42.415,5.685451602040007,241.1484297005269,0
garden10,Cluster_Volume,0.875,49.9,43.6625,5.415815793384815,236.4680570786645,0
garden10,Cluster_Volume,0.9,49.9,44.91,5.14617998472962,231.1149431142072,0
garden10,Cluster_Volume,0.925,49.9,46.1575,4.876544176074428,225.0890878071554,0
garden10,Cluster_Volume,0.95,49.9,47.404999999999994,4.606908367419233,218.3904911575087,0
garden10,Cluster_Volume,0.975,49.9,48.652499999999996,4.337272558764041,211.01915316526748,0
garden10,Cluster_Volume,1.0,49.9,49.9,4.0676367501088455,202.9750738304314,0
garden10,Cluster_Volume,1.025,49.9,51.147499999999994,3.79800094145365,194.25825315300054,0
garden10,Cluster_Volume,1.05,49.9,52.395,3.528365132798455,184.86869113297504,0
garden10,Cluster_Volume,1.075,49.9,53.6425,3.258729324143263,174.80638777035497,0
garden10,Cluster_Volume,1.1,49.9,54.89,2.9890935154880713,164.07134306514024,0
garden10,Cluster_Volume,1.125,49.9,56.137499999999996,2.719457706832876,152.66355701733056,0
garden10,Cluster_Volume,1.15,49.9,57.38499999999999,2.4498218981776843,140.5830296269264,0
garden10,Cluster_Volume,1.175,49.9,58.6325,2.180186089522489,127.82976089392733,0
garden10,Cluster_Volume,1.2,49.9,59.879999999999995,1.9105502808672972,114.40375081833375,0
watches1,Cluster_Volume,0.8,145.5509091,116.44072728000002,19.53748744029321,2274.959246771607,1
watches1,Cluster_Volume,0.825,145.5509091,120.0795000075,18.697397026114597,2245.1740863375585,0
watches1,Cluster_Volume,0.85,145.5509091,123.71827273500001,17.85730661193598,2209.2751297280142,0
watches1,Cluster_Volume,0.875,145.5509091,127.35704546250001,17.017216197757367,2167.2623769429765,0
watches1,Cluster_Volume,0.9,145.5509091,130.99581819000002,16.177125783578745,2119.135827982443,0
watches1,Cluster_Volume,0.925,145.5509091,134.63459091750002,15.337035369400136,2064.895482846416,0
watches1,Cluster_Volume,0.95,145.5509091,138.27336364500002,14.49694495522152,2004.5413415348937,0
watches1,Cluster_Volume,0.975,145.5509091,141.91213637250002,13.656854541042913,1938.0734040478778,0
watches1,Cluster_Volume,1.0,145.5509091,145.5509091,12.816764126864298,1865.4916703853664,0
watches1,Cluster_Volume,1.025,145.5509091,149.1896818275,11.976673712685683,1786.7961405473602,0
watches1,Cluster_Volume,1.05,145.5509091,152.828454555,11.136583298507068,1701.9868145338596,0
watches1,Cluster_Volume,1.075,145.5509091,156.4672272825,10.29649288432846,1611.063692344865,0
watches1,Cluster_Volume,1.1,145.5509091,160.10600001000003,9.456402470149838,1514.0267739803742,0
watches1,Cluster_Volume,1.125,145.5509091,163.7447727375,8.616312055971228,1410.8760594403902,0
watches1,Cluster_Volume,1.15,145.5509091,167.383545465,7.776221641792619,1301.6115487249117,0
watches1,Cluster_Volume,1.175,145.5509091,171.02231819250002,6.936131227613997,1186.2332418339367,0
watches1,Cluster_Volume,1.2,145.5509091,174.66109092000002,6.096040813435382,1064.741138767468,0
furniture2,Cluster_Volume,0.8,103.2333333,82.58666664,12.928926486515556,1067.7569417549266,1
furniture2,Cluster_Volume,0.825,103.2333333,85.1674999725,12.350001884499568,1051.818785158492,0
furniture2,Cluster_Volume,0.85,103.2333333,87.748333305,11.771077282483583,1032.892412742283,0
furniture2,Cluster_Volume,0.875,103.2333333,90.3291666375,11.192152680467595,1010.9778245062996,0
furniture2,Cluster_Volume,0.9,103.2333333,92.90999997,10.613228078451607,986.075020450542,0
furniture2,Cluster_Volume,0.925,103.2333333,95.49083330250001,10.03430347643562,958.18400057501,0
furniture2,Cluster_Volume,0.95,103.2333333,98.071666635,9.455378874419631,927.3047648797036,0
furniture2,Cluster_Volume,0.975,103.2333333,100.65249996749999,8.87645427240365,893.4373133646236,0
furniture2,Cluster_Volume,1.0,103.2333333,103.2333333,8.29752967038766,856.5816460297685,0
furniture2,Cluster_Volume,1.025,103.2333333,105.81416663249999,7.718605068371675,816.7377628751394,0
furniture2,Cluster_Volume,1.05,103.2333333,108.394999965,7.139680466355687,773.9056639007358,0
furniture2,Cluster_Volume,1.075,103.2333333,110.97583329749999,6.560755864339699,728.0853491065578,0
furniture2,Cluster_Volume,1.1,103.2333333,113.55666663000001,5.981831262323711,679.2768184926058,0
furniture2,Cluster_Volume,1.125,103.2333333,116.1374999625,5.402906660307725,627.4800720588794,0
furniture2,Cluster_Volume,1.15,103.2333333,118.718333295,4.8239820582917385,572.6951098053787,0
furniture2,Cluster_Volume,1.175,103.2333333,121.2991666275,4.245057456275751,514.9219317321035,0
furniture2,Cluster_Volume,1.2,103.2333333,123.87999995999999,3.6661328542597627,454.16053783905403,0
garden7,Cluster_Volume,0.8,49.9,39.92,12.625635091793656,504.01535286440276,0
garden7,Cluster_Volume,0.825,49.9,41.1675,12.355999283138464,508.6656004886027,0
garden7,Cluster_Volume,0.85,49.9,42.415,12.086363474483269,512.6431067702079,0
garden7,Cluster_Volume,0.875,49.9,43.6625,11.816727665828077,515.9478717092185,0
garden7,Cluster_Volume,0.9,49.9,44.91,11.547091857172882,518.5798953056341,0
garden7,Cluster_Volume,0.925,49.9,46.1575,11.27745604851769,520.5391775594553,0
garden7,Cluster_Volume,0.95,49.9,47.404999999999994,11.007820239862495,521.8257184706815,0
garden7,Cluster_Volume,0.975,49.9,48.652499999999996,10.738184431207303,522.4395180393133,1
garden7,Cluster_Volume,1.0,49.9,49.9,10.468548622552108,522.3805762653502,0
garden7,Cluster_Volume,1.025,49.9,51.147499999999994,10.198912813896913,521.6488931487922,0
garden7,Cluster_Volume,1.05,49.9,52.395,9.929277005241717,520.2444686896398,0
garden7,Cluster_Volume,1.075,49.9,53.6425,9.659641196586525,518.1673028878927,0
garden7,Cluster_Volume,1.1,49.9,54.89,9.390005387931334,515.4173957435509,0
garden7,Cluster_Volume,1.125,49.9,56.137499999999996,9.120369579276138,511.9947472566142,0
garden7,Cluster_Volume,1.15,49.9,57.38499999999999,8.850733770620947,507.8993574270829,0
garden7,Cluster_Volume,1.175,49.9,58.6325,8.581097961965751,503.1312262549569,0
garden7,Cluster_Volume,1.2,49.9,59.879999999999995,8.31146215331056,497.6903537402363,0
health10,Cluster_Volume,0.8,50.71,40.568000000000005,19.435112813632813,788.443656623456,0
health10,Cluster_Volume,0.825,50.71,41.83575,19.15801280335907,801.4898341381293,0
health10,Cluster_Volume,0.85,50.71,43.1035,18.88091279308533,813.8334245767535,0
health10,Cluster_Volume,0.875,50.71,44.37125,18.603812782811584,825.4744279393285,0
health10,Cluster_Volume,0.9,50.71,45.639,18.326712772537842,836.4128442258547,0
health10,Cluster_Volume,0.925,50.71,46.90675,18.0496127622641,846.6486734363316,0
health10,Cluster_Volume,0.95,50.71,48.1745,17.77251275199036,856.1819155707595,0
health10,Cluster_Volume,0.975,50.71,49.44225,17.495412741716617,865.0125706291384,0
health10,Cluster_Volume,1.0,50.71,50.71,17.218312731442875,873.1406386114683,0
health10,Cluster_Volume,1.025,50.71,51.97774999999999,16.941212721169133,880.5661195177488,0
health10,Cluster_Volume,1.05,50.71,53.2455,16.66411271089539,887.2890133479806,0
health10,Cluster_Volume,1.075,50.71,54.51325,16.387012700621646,893.3093201021629,0
health10,Cluster_Volume,1.1,50.71,55.781000000000006,16.1099126903479,898.6270397802964,0
health10,Cluster_Volume,1.125,50.71,57.04875,15.832812680074163,903.2421723823809,0
health10,Cluster_Volume,1.15,50.71,58.3165,15.555712669800421,907.1547179084163,0
health10,Cluster_Volume,1.175,50.71,59.584250000000004,15.278612659526676,910.3646763584024,0
health10,Cluster_Volume,1.2,50.71,60.852,15.001512649252938,912.8720477323398,1
watches6,Cluster_Volume,0.8,112.0,89.60000000000001,18.063935097253147,1618.528584713882,1
watches6,Cluster_Volume,0.825,112.0,92.39999999999999,17.417493745771377,1609.3764221092752,0
watches6,Cluster_Volume,0.85,112.0,95.2,16.7710523942896,1596.60418793637,0
watches6,Cluster_Volume,0.875,112.0,98.0,16.124611042807828,1580.2118821951672,0
watches6,Cluster_Volume,0.9,112.0,100.8,15.478169691326055,1560.1995048856663,0
watches6,Cluster_Volume,0.925,112.0,103.60000000000001,14.831728339844279,1536.5670560078674,0
watches6,Cluster_Volume,0.95,112.0,106.39999999999999,14.18528698836251,1509.314535561771,0
watches6,Cluster_Volume,0.975,112.0,109.2,13.538845636880733,1478.441943547376,0
watches6,Cluster_Volume,1.0,112.0,112.0,12.892404285398964,1443.949279964684,0
watches6,Cluster_Volume,1.025,112.0,114.79999999999998,12.245962933917191,1405.8365448136933,0
watches6,Cluster_Volume,1.05,112.0,117.60000000000001,11.599521582435415,1364.103738094405,0
watches6,Cluster_Volume,1.075,112.0,120.39999999999999,10.953080230953645,1318.7508598068189,0
watches6,Cluster_Volume,1.1,112.0,123.20000000000002,10.306638879471866,1269.777909950934,0
watches6,Cluster_Volume,1.125,112.0,126.0,9.660197527990096,1217.184888526752,0
watches6,Cluster_Volume,1.15,112.0,128.79999999999998,9.013756176508327,1160.9717955342724,0
watches6,Cluster_Volume,1.175,112.0,131.6,8.36731482502655,1101.138630973494,0
watches6,Cluster_Volume,1.2,112.0,134.4,7.720873473544774,1037.6853948444177,0
watches3,Cluster_Volume,0.8,77.82142857,62.257142856,14.016135047498386,872.6045219410954,1
watches3,Cluster_Volume,0.825,77.82142857,64.20267857024999,13.56696549875702,871.0355250903682,0
watches3,Cluster_Volume,0.85,77.82142857,66.1482142845,13.11779595001565,867.7187774419814,0
watches3,Cluster_Volume,0.875,77.82142857,68.09374999875,12.668626401274283,862.6542789959349,0
watches3,Cluster_Volume,0.9,77.82142857,70.039285713,12.219456852532916,855.8420297522287,0
watches3,Cluster_Volume,0.925,77.82142857,71.98482142725,11.770287303791546,847.2820297108623,0
watches3,Cluster_Volume,0.95,77.82142857,73.9303571415,11.321117755050183,836.9742788718368,0
watches3,Cluster_Volume,0.975,77.82142857,75.87589285575,10.871948206308817,824.9187772351511,0
watches3,Cluster_Volume,1.0,77.82142857,77.82142857,10.42277865756745,811.1155248008058,0
watches3,Cluster_Volume,1.025,77.82142857,79.76696428425,9.973609108826082,795.5645215688005,0
watches3,Cluster_Volume,1.05,77.82142857,81.7124999985,9.524439560084717,778.2657675391357,0
watches3,Cluster_Volume,1.075,77.82142857,83.65803571274999,9.07527001134335,759.2192627118111,0
watches3,Cluster_Volume,1.1,77.82142857,85.603571427,8.62610046260198,738.4250070868264,0
watches3,Cluster_Volume,1.125,77.82142857,87.54910714124999,8.176930913860616,715.8830006641823,0
watches3,Cluster_Volume,1.15,77.82142857,89.49464285549999,7.727761365119251,691.5932434438785,0
watches3,Cluster_Volume,1.175,77.82142857,91.44017856975,7.278591816377881,665.5557354259145,0
watches3,Cluster_Volume,1.2,77.82142857,93.38571428399999,6.829422267636517,637.770476610291,0
cool3,Cluster_Volume,0.8,65.0,52.0,0.0,0.0,1
cool3,Cluster_Volume,0.825,65.0,53.625,0.0,0.0,0
cool3,Cluster_Volume,0.85,65.0,55.25,0.0,0.0,0
cool3,Cluster_Volume,0.875,65.0,56.875,0.0,0.0,0
cool3,Cluster_Volume,0.9,65.0,58.5,0.0,0.0,0
cool3,Cluster_Volume,0.925,65.0,60.125,0.0,0.0,0
cool3,Cluster_Volume,0.95,65.0,61.75,0.0,0.0,0
cool3,Cluster_Volume,0.975,65.0,63.375,0.0,0.0,0
cool3,Cluster_Volume,1.0,65.0,65.0,0.0,0.0,0
cool3,Cluster_Volume,1.025,65.0,66.625,0.0,0.0,0
cool3,Cluster_Volume,1.05,65.0,68.25,0.0,0.0,0
cool3,Cluster_Volume,1.075,65.0,69.875,0.0,0.0,0
cool3,Cluster_Volume,1.1,65.0,71.5,0.0,0.0,0
cool3,Cluster_Volume,1.125,65.0,73.125,0.0,0.0,0
cool3,Cluster_Volume,1.15,65.0,74.75,0.0,0.0,0
cool3,Cluster_Volume,1.175,65.0,76.375,0.0,0.0,0
cool3,Cluster_Volume,1.2,65.0,78.0,0.0,0.0,0
computers6,Cluster_Volume,0.8,149.9,119.92000000000002,12.038707435779854,1443.6817956987202,1
computers6,Cluster_Volume,0.825,149.9,123.6675,11.175162978247508,1382.0044676124237,0
computers6,Cluster_Volume,0.85,149.9,127.415,10.311618520715163,1313.8548738169225,0
computers6,Cluster_Volume,0.875,149.9,131.1625,9.44807406318282,1239.2330143122167,0
computers6,Cluster_Volume,0.9,149.9,134.91,8.584529605650472,1158.138889098305,0
computers6,Cluster_Volume,0.925,149.9,138.6575,7.72098514811813,1070.5724981751896,0
computers6,Cluster_Volume,0.95,149.9,142.405,6.857440690585777,976.5338415428677,0
computers6,Cluster_Volume,0.975,149.9,146.1525,5.993896233053432,876.0229192013418,0
computers6,Cluster_Volume,1.0,149.9,149.9,5.13035177552109,769.0397311506115,0
computers6,Cluster_Volume,1.025,149.9,153.64749999999998,4.266807317988745,655.5842773906755,0
computers6,Cluster_Volume,1.05,149.9,157.395,3.4032628604563926,535.6565579215339,0
computers6,Cluster_Volume,1.075,149.9,161.1425,2.539718402924049,409.2565727431886,0
computers6,Cluster_Volume,1.1,149.9,164.89000000000001,1.6761739453916982,276.38432185563715,0
computers6,Cluster_Volume,1.125,149.9,168.63750000000002,0.8126294878593527,137.03980525888161,0
computers6,Cluster_Volume,1.15,149.9,172.385,0.0,0.0,0
computers6,Cluster_Volume,1.175,149.9,176.13250000000002,0.0,0.0,0
computers6,Cluster_Volume,1.2,149.9,179.88,0.0,0.0,0
garden1,Cluster_Volume,0.8,98.32333333,78.65866666400001,17.64726252819489,1388.1101407373799,0
garden1,Cluster_Volume,0.825,98.32333333,81.11674999725,17.11597011352337,1388.391868659078,1
garden1,Cluster_Volume,0.85,98.32333333,83.5748333305,16.584677698851856,1386.0616745216041,0
garden1,Cluster_Volume,0.875,98.32333333,86.03291666375,16.053385284180337,1381.1195583249576,0
garden1,Cluster_Volume,0.9,98.32333333,88.490999997,15.522092869508821,1373.5655200691388,0
garden1,Cluster_Volume,0.925,98.32333333,90.94908333025,14.990800454837302,1363.3995597541475,0
garden1,Cluster_Volume,0.95,98.32333333,93.40716666349999,14.45950804016579,1350.621677379984,0
garden1,Cluster_Volume,0.975,98.32333333,95.86524999675,13.928215625494271,1335.2318729466479,0
garden1,Cluster_Volume,1.0,98.32333333,98.32333333,13.396923210822756,1317.2301464541397,0
garden1,Cluster_Volume,1.025,98.32333333,100.78141666324998,12.865630796151237,1296.6164979024584,0
garden1,Cluster_Volume,1.05,98.32333333,103.2394999965,12.334338381479718,1273.390927291605,0
garden1,Cluster_Volume,1.075,98.32333333,105.69758332974999,11.803045966808202,1247.5534346215795,0
garden1,Cluster_Volume,1.1,98.32333333,108.155666663,11.27175355213668,1219.104019892381,0
garden1,Cluster_Volume,1.125,98.32333333,110.61374999625,10.740461137465168,1188.0426831040108,0
garden1,Cluster_Volume,1.15,98.32333333,113.07183332949998,10.209168722793653,1154.3694242564682,0
garden1,Cluster_Volume,1.175,98.32333333,115.52991666275,9.677876308122134,1118.0842433497528,0
garden1,Cluster_Volume,1.2,98.32333333,117.98799999599999,9.146583893450615,1079.1871403838647,0
furniture1,Cluster_Volume,0.8,35.0,28.0,11.992661615016909,335.7945252204734,0
furniture1,Cluster_Volume,0.825,35.0,28.875,11.796384303969747,340.6205967771264,0
furniture1,Cluster_Volume,0.85,35.0,29.75,11.600106992922582,345.10318303944683,0
furniture1,Cluster_Volume,0.875,35.0,30.625,11.40382968187542,349.24228400743476,0
furniture1,Cluster_Volume,0.9,35.0,31.5,11.207552370828259,353.03789968109015,0
furniture1,Cluster_Volume,0.925,35.0,32.375,11.011275059781093,356.4900300604129,0
furniture1,Cluster_Volume,0.95,35.0,33.25,10.814997748733928,359.5986751454031,0
furniture1,Cluster_Volume,0.975,35.0,34.125,10.618720437686767,362.3638349360609,0
furniture1,Cluster_Volume,1.0,35.0,35.0,10.422443126639605,364.78550943238616,0
furniture1,Cluster_Volume,1.025,35.0,35.875,10.226165815592443,366.8636986343789,0
furniture1,Cluster_Volume,1.05,35.0,36.75,10.029888504545278,368.59840254203897,0
furniture1,Cluster_Volume,1.075,35.0,37.625,9.833611193498117,369.98962115536665,0
furniture1,Cluster_Volume,1.1,35.0,38.5,9.637333882450953,371.0373544743617,0
furniture1,Cluster_Volume,1.125,35.0,39.375,9.44105657140379,371.7416024990242,0
furniture1,Cluster_Volume,1.15,35.0,40.25,9.244779260356628,372.1023652293543,0
furniture1,Cluster_Volume,1.175,35.0,41.125,9.048501949309463,372.11964266535165,1
furniture1,Cluster_Volume,1.2,35.0,42.0,8.852224638262301,371.79343480701664,0
bed1,Cluster_Volume,0.8,39.24,31.392000000000003,12.903666002680824,405.07188315615645,0
bed1,Cluster_Volume,0.825,39.24,32.373,12.691184572444643,410.8517181637504,0
bed1,Cluster_Volume,0.85,39.24,33.354,12.478703142208458,416.2146646052209,0
bed1,Cluster_Volume,0.875,39.24,34.335,12.266221711972273,421.160722480568,0
bed1,Cluster_Volume,0.9,39.24,35.316,12.053740281736092,425.68989178979183,0
bed1,Cluster_Volume,0.925,39.24,36.297000000000004,11.841258851499907,429.80217253289214,0
bed1,Cluster_Volume,0.95,39.24,37.278,11.628777421263726,433.49756470986915,0
bed1,Cluster_Volume,0.975,39.24,38.259,11.41629599102754,436.7760683207227,0
bed1,Cluster_Volume,1.0,39.24,39.24,11.20381456079136,439.637683365453,0
bed1,Cluster_Volume,1.025,39.24,40.221,10.991333130555178,442.0824098440598,0
bed1,Cluster_Volume,1.05,39.24,41.202000000000005,10.77885170031899,444.11024775654306,0
bed1,Cluster_Volume,1.075,39.24,42.183,10.566370270082809,445.7211971029031,0
bed1,Cluster_Volume,1.1,39.24,43.16400000000001,10.353888839846624,446.91525788313976,0
bed1,Cluster_Volume,1.125,39.24,44.145,10.141407409610443,447.692430097253,0
bed1,Cluster_Volume,1.15,39.24,45.126,9.928925979374261,448.0527137452429,1
bed1,Cluster_Volume,1.175,39.24,46.107000000000006,9.716444549138076,447.99610882710937,0
bed1,Cluster_Volume,1.2,39.24,47.088,9.503963118901895,447.5226153428525,0
perfumery2,Cluster_Volume,0.8,116.9066667,93.52533336,16.001783815430475,1496.5721656927878,1
perfumery2,Cluster_Volume,0.825,116.9066667,96.4480000275,15.335425021983625,1479.071072942001,0
perfumery2,Cluster_Volume,0.85,116.9066667,99.370666695,14.66906622853677,1457.6748909228081,0
perfumery2,Cluster_Volume,0.875,116.9066667,102.29333336250001,14.002707435089913,1432.38361963521,0
perfumery2,Cluster_Volume,0.9,116.9066667,105.21600003,13.336348641643063,1403.197259079207,0
perfumery2,Cluster_Volume,0.925,116.9066667,108.13866669750001,12.669989848196206,1370.1158092547983,0
perfumery2,Cluster_Volume,0.95,116.9066667,111.061333365,12.003631054749356,1333.1392701619848,0
perfumery2,Cluster_Volume,0.975,116.9066667,113.9840000325,11.337272261302502,1292.267641800766,0
perfumery2,Cluster_Volume,1.0,116.9066667,116.9066667,10.670913467855648,1247.5009241711414,0
perfumery2,Cluster_Volume,1.025,116.9066667,119.8293333675,10.004554674408794,1198.839117273112,0
perfumery2,Cluster_Volume,1.05,116.9066667,122.75200003500001,9.33819588096194,1146.282221106677,0
perfumery2,Cluster_Volume,1.075,116.9066667,125.67466670249999,8.67183708751509,1089.8302356718373,0
perfumery2,Cluster_Volume,1.1,116.9066667,128.59733337,8.005478294068233,1029.4831609685914,0
perfumery2,Cluster_Volume,1.125,116.9066667,131.5200000375,7.3391195006213765,965.2409969969405,0
perfumery2,Cluster_Volume,1.15,116.9066667,134.442666705,6.672760707174526,897.1037437568849,0
perfumery2,Cluster_Volume,1.175,116.9066667,137.3653333725,6.006401913727678,825.0714012484244,0
perfumery2,Cluster_Volume,1.2,116.9066667,140.28800004,5.340043120280828,749.1439694715584,0
computers2,Cluster_Volume,0.8,77.9,62.32000000000001,11.422394626851057,711.843633145358,1
computers2,Cluster_Volume,0.825,77.9,64.2675,10.973628027506367,705.2476392577654,0
computers2,Cluster_Volume,0.85,77.9,66.215,10.52486142816167,696.9036994657249,0
computers2,Cluster_Volume,0.875,77.9,68.16250000000001,10.076094828816975,686.8118137692371,0
computers2,Cluster_Volume,0.9,77.9,70.11000000000001,9.627328229472278,674.9719821683016,0
computers2,Cluster_Volume,0.925,77.9,72.0575,9.178561630127586,661.3842046629186,0
computers2,Cluster_Volume,0.95,77.9,74.005,8.729795030782892,646.0484812530879,0
computers2,Cluster_Volume,0.975,77.9,75.9525,8.281028431438198,628.9648119388097,0
computers2,Cluster_Volume,1.0,77.9,77.9,7.832261832093501,610.1331967200838,0
computers2,Cluster_Volume,1.025,77.9,79.8475,7.383495232748805,589.5536355969102,0
computers2,Cluster_Volume,1.05,77.9,81.79500000000002,6.934728633404108,567.2261285692891,0
computers2,Cluster_Volume,1.075,77.9,83.7425,6.485962034059414,543.1506756372205,0
computers2,Cluster_Volume,1.1,77.9,85.69000000000001,6.03719543471472,517.3272768007045,0
computers2,Cluster_Volume,1.125,77.9,87.6375,5.588428835370026,489.75593205974064,0
computers2,Cluster_Volume,1.15,77.9,89.585,5.139662236025336,460.43664141432964,0
computers2,Cluster_Volume,1.175,77.9,91.53250000000001,4.690895636680635,429.36940486447025,0
computers2,Cluster_Volume,1.2,77.9,93.48,4.242129037335944,396.5542224101641,0
watches8,Cluster_Volume,0.8,157.9454545,126.35636360000001,15.825963508542708,1999.7111994057543,1
watches8,Cluster_Volume,0.825,157.9454545,130.3049999625,14.91433428472679,1943.412328412037,0
watches8,Cluster_Volume,0.85,157.9454545,134.253636325,14.002705060910872,1879.9140728137652,0
watches8,Cluster_Volume,0.875,157.9454545,138.2022726875,13.09107583709495,1809.2164326109387,0
watches8,Cluster_Volume,0.9,157.9454545,142.15090905000002,12.179446613279032,1731.3194078035585,0
watches8,Cluster_Volume,0.925,157.9454545,146.09954541250002,11.26781738946311,1646.222998391623,0
watches8,Cluster_Volume,0.95,157.9454545,150.04818177500002,10.356188165647188,1553.9272043751332,0
watches8,Cluster_Volume,0.975,157.9454545,153.99681813750001,9.44455894183127,1454.4320257540896,0
watches8,Cluster_Volume,1.0,157.9454545,157.9454545,8.532929718015357,1347.7374625284924,0
watches8,Cluster_Volume,1.025,157.9454545,161.8940908625,7.621300494199438,1233.84351469834,0
watches8,Cluster_Volume,1.05,157.9454545,165.842727225,6.7096712703835175,1112.750182263633,0
watches8,Cluster_Volume,1.075,157.9454545,169.7913635875,5.7980420465675975,984.4574652243715,0
watches8,Cluster_Volume,1.1,157.9454545,173.73999995000003,4.886412822751676,848.9653635805556,0
watches8,Cluster_Volume,1.125,157.9454545,177.68863631250002,3.9747835989357574,706.2738773321857,0
watches8,Cluster_Volume,1.15,157.9454545,181.637272675,3.0631543751198427,556.3830064792621,0
watches8,Cluster_Volume,1.175,157.9454545,185.58590903750002,2.1515251513039244,399.2927510217836,0
watches8,Cluster_Volume,1.2,157.9454545,189.5345454,1.2398959274880024,235.0031109597499,0
