product_id,date,product_category_name,unit_price,qty,revenue,comp_1,comp_2,comp_3,price_ratio,price_position,elasticity,cluster
bed1,2017-05-01,bed_bath_table,45.95,1,45.95,89.9,215.0,45.95,0.3929029499786234,Cheaper,-8.335163579945776,Cluster_Volume
bed1,2017-06-01,bed_bath_table,45.95,3,137.85000000000002,89.9,209.0,45.95,0.3997390169638974,Cheaper,-8.335163579945776,Cluster_Volume
bed1,2017-07-01,bed_bath_table,45.95,6,275.70000000000005,89.9,205.0,45.95,0.4044301012175444,Cheaper,-8.335163579945776,Cluster_Volume
bed1,2017-08-01,bed_bath_table,45.95,4,183.8,89.9,199.5098039,45.95,0.41105105142864734,Cheaper,-8.335163579945776,Cluster_Volume
bed1,2017-09-01,bed_bath_table,45.95,2,91.9,89.9,163.3987097,45.95,0.4606536153094732,Cheaper,-8.335163579945776,Cluster_Volume
bed1,2017-10-01,bed_bath_table,45.95,3,137.85000000000002,89.9,45.95,45.95,0.7582508250825083,Cheaper,-8.335163579945776,Cluster_Volume
bed1,2017-11-01,bed_bath_table,40.53181818,11,445.84999998,89.9,40.53181818,40.53181818,0.711235775799452,Cheaper,-8.335163579945776,Cluster_Volume
bed1,2017-12-01,bed_bath_table,39.99,6,239.94,88.48823529,39.99,39.99,0.7121223760282436,Cheaper,-8.335163579945776,Cluster_Volume
bed1,2018-01-01,bed_bath_table,39.99,19,759.8100000000001,86.9,39.99,39.99,0.7188998082454457,Cheaper,-8.335163579945776,Cluster_Volume
bed1,2018-02-01,bed_bath_table,39.99,18,719.82,86.9,39.99,39.99,0.7188998082454457,Cheaper,-8.335163579945776,Cluster_Volume
bed1,2018-03-01,bed_bath_table,39.99,17,679.83,86.9,39.99,39.99,0.7188998082454457,Cheaper,-8.335163579945776,Cluster_Volume
bed1,2018-04-01,bed_bath_table,39.99,13,519.87,85.045,39.99,39.99,0.7269807604908347,Cheaper,-8.335163579945776,Cluster_Volume
bed1,2018-05-01,bed_bath_table,39.99,19,759.8100000000001,83.64961538,39.99,39.99,0.733180235872287,Cheaper,-8.335163579945776,Cluster_Volume
bed1,2018-06-01,bed_bath_table,39.99,5,199.95000000000002,79.9,39.99,39.99,0.7503752814610957,Cheaper,-8.335163579945776,Cluster_Volume
bed1,2018-07-01,bed_bath_table,39.99,8,319.92,77.93333333,39.99,39.99,0.7597205218212463,Cheaper,-8.335163579945776,Cluster_Volume
bed1,2018-08-01,bed_bath_table,39.24,8,313.92,74.0,39.24,39.24,0.7720356768100733,Cheaper,-8.335163579945776,Cluster_Volume
bed2,2017-02-01,bed_bath_table,89.9,2,179.8,89.9,89.9,89.9,0.9999999999999999,Equal,0.0,Cluster_Margin
bed2,2017-03-01,bed_bath_table,89.9,22,1977.8000000000002,89.9,89.9,89.9,0.9999999999999999,Equal,0.0,Cluster_Margin
bed2,2017-04-01,bed_bath_table,89.9,34,3056.6000000000004,89.9,89.9,89.9,0.9999999999999999,Equal,0.0,Cluster_Margin
bed2,2017-05-01,bed_bath_table,89.9,58,5214.200000000001,89.9,215.0,45.95,0.768704574604532,Cheaper,0.0,Cluster_Margin
bed2,2017-06-01,bed_bath_table,89.9,51,4584.900000000001,89.9,209.0,45.95,0.7820791648542846,Cheaper,0.0,Cluster_Margin
bed2,2017-07-01,bed_bath_table,89.9,60,5394.0,89.9,205.0,45.95,0.7912571512395483,Cheaper,0.0,Cluster_Margin
bed2,2017-08-01,bed_bath_table,89.9,37,3326.3,89.9,199.5098039,45.95,0.804210871021445,Cheaper,0.0,Cluster_Margin
bed2,2017-09-01,bed_bath_table,89.9,23,2067.7000000000003,89.9,163.3987097,45.95,0.9012570188535721,Cheaper,0.0,Cluster_Margin
bed2,2017-10-01,bed_bath_table,89.9,14,1258.6000000000001,89.9,89.9,45.95,1.19468438538206,Expensive,0.0,Cluster_Margin
bed2,2017-11-01,bed_bath_table,89.9,40,3596.0,89.9,89.9,40.53181818,1.2240628803764906,Expensive,0.0,Cluster_Margin
bed2,2017-12-01,bed_bath_table,88.48823529,18,1592.7882352200002,88.48823529,88.48823529,39.99,1.2235287100368704,Expensive,0.0,Cluster_Margin
bed2,2018-01-01,bed_bath_table,86.9,17,1477.3000000000002,86.9,86.9,39.99,1.2194209270779737,Expensive,0.0,Cluster_Margin
bed2,2018-02-01,bed_bath_table,86.9,22,1911.8000000000002,86.9,86.9,39.99,1.2194209270779737,Expensive,0.0,Cluster_Margin
bed2,2018-03-01,bed_bath_table,86.9,17,1477.3000000000002,86.9,86.9,39.99,1.2194209270779737,Expensive,0.0,Cluster_Margin
bed2,2018-04-01,bed_bath_table,85.045,6,510.27,85.045,85.045,39.99,1.2144659177456207,Expensive,0.0,Cluster_Margin
bed2,2018-05-01,bed_bath_table,83.64961538,26,2174.88999988,83.64961538,83.64961538,39.99,1.2106217251129134,Expensive,0.0,Cluster_Margin
bed2,2018-06-01,bed_bath_table,79.9,23,1837.7,79.9,79.9,39.99,1.1997597477351218,Expensive,0.0,Cluster_Margin
bed2,2018-07-01,bed_bath_table,77.93333333,10,779.3333332999999,77.93333333,77.93333333,39.99,1.1937301087425745,Expensive,0.0,Cluster_Margin
bed2,2018-08-01,bed_bath_table,74.0,7,518.0,74.0,74.0,39.24,1.185644093142491,Expensive,0.0,Cluster_Margin
bed3,2017-10-01,bed_bath_table,99.0,8,792.0,89.9,99.0,45.95,1.2646370023419202,Expensive,0.0,Cluster_Margin
bed3,2017-11-01,bed_bath_table,99.0,22,2178.0,89.9,99.0,40.53181818,1.29450222883641,Expensive,0.0,Cluster_Margin
bed3,2017-12-01,bed_bath_table,99.0,7,693.0,88.48823529,99.0,39.99,1.3056194128698526,Expensive,0.0,Cluster_Margin
bed3,2018-01-01,bed_bath_table,98.3,11,1081.3,86.9,98.3,39.99,1.3095608153115148,Expensive,0.0,Cluster_Margin
bed3,2018-02-01,bed_bath_table,92.0,13,1196.0,86.9,92.0,39.99,1.2609073050390607,Expensive,0.0,Cluster_Margin
bed3,2018-03-01,bed_bath_table,92.0,3,276.0,86.9,92.0,39.99,1.2609073050390607,Expensive,0.0,Cluster_Margin
bed3,2018-04-01,bed_bath_table,90.875,9,817.875,85.045,90.875,39.99,1.262678893983604,Expensive,0.0,Cluster_Margin
bed3,2018-05-01,bed_bath_table,88.24,14,1235.36,83.64961538,88.24,39.99,1.2493887131389787,Expensive,0.0,Cluster_Margin
bed3,2018-06-01,bed_bath_table,84.9,14,1188.6000000000001,79.9,84.9,39.99,1.2437130719273402,Expensive,0.0,Cluster_Margin
bed3,2018-07-01,bed_bath_table,84.9,9,764.1,77.93333333,84.9,39.99,1.2557726757482828,Expensive,0.0,Cluster_Margin
bed3,2018-08-01,bed_bath_table,84.9,1,84.9,74.0,84.9,39.24,1.2854547289795095,Expensive,0.0,Cluster_Margin
bed4,2017-10-01,bed_bath_table,45.9,29,1331.1,89.9,45.9,45.95,0.7576341127922971,Cheaper,-26.866391864165664,Cluster_Volume
bed4,2017-11-01,bed_bath_table,44.15444444,32,1412.94222208,89.9,44.15444444,40.53181818,0.7587271262477064,Cheaper,-26.866391864165664,Cluster_Volume
bed4,2017-12-01,bed_bath_table,45.9,12,550.8,88.48823529,45.9,39.99,0.7896627682405306,Cheaper,-26.866391864165664,Cluster_Volume
bed4,2018-01-01,bed_bath_table,45.9,19,872.1,86.9,45.9,39.99,0.7969211181202615,Cheaper,-26.866391864165664,Cluster_Volume
bed4,2018-02-01,bed_bath_table,45.9,16,734.4,86.9,45.9,39.99,0.7969211181202615,Cheaper,-26.866391864165664,Cluster_Volume
bed4,2018-03-01,bed_bath_table,47.9,8,383.2,86.9,47.9,39.99,0.8221294124377824,Cheaper,-26.866391864165664,Cluster_Volume
bed4,2018-04-01,bed_bath_table,47.9,7,335.3,85.045,47.9,39.99,0.8309480440627981,Cheaper,-26.866391864165664,Cluster_Volume
bed4,2018-05-01,bed_bath_table,47.9,2,95.8,83.64961538,47.9,39.99,0.8377073697039088,Cheaper,-26.866391864165664,Cluster_Volume
bed4,2018-06-01,bed_bath_table,47.9,4,191.6,79.9,47.9,39.99,0.8564276774539602,Cheaper,-26.866391864165664,Cluster_Volume
bed4,2018-07-01,bed_bath_table,47.9,2,95.8,77.93333333,47.9,39.99,0.8665849197110698,Cheaper,-26.866391864165664,Cluster_Volume
bed5,2017-05-01,bed_bath_table,215.0,1,215.0,89.9,215.0,45.95,1.838392475416845,Expensive,-5.750094593984477,Cluster_Volume
bed5,2017-06-01,bed_bath_table,209.0,10,2090.0,89.9,209.0,45.95,1.8181818181818183,Expensive,-5.750094593984477,Cluster_Volume
bed5,2017-07-01,bed_bath_table,205.0,59,12095.0,89.9,205.0,45.95,1.8043127475429075,Expensive,-5.750094593984477,Cluster_Volume
bed5,2017-08-01,bed_bath_table,199.5098039,52,10374.509802800001,89.9,199.5098039,45.95,1.7847380775499073,Expensive,-5.750094593984477,Cluster_Volume
bed5,2017-09-01,bed_bath_table,163.3987097,32,5228.7587104,89.9,163.3987097,45.95,1.638089365836955,Expensive,-5.750094593984477,Cluster_Volume
computers1,2017-05-01,computers_accessories,94.9,4,379.6,94.9,94.9,94.9,0.9999999999999999,Equal,-1.695567818369519,Cluster_Volume
computers1,2017-06-01,computers_accessories,100.9,6,605.4000000000001,159.99,100.9,100.9,0.8366732082147104,Cheaper,-1.695567818369519,Cluster_Volume
computers1,2017-07-01,computers_accessories,109.9,10,1099.0,139.99,109.9,109.9,0.9163678812640706,Cheaper,-1.695567818369519,Cluster_Volume
computers1,2017-08-01,computers_accessories,109.9,2,219.8,145.7042857,109.9,109.9,0.902041406624196,Cheaper,-1.695567818369519,Cluster_Volume
computers1,2017-09-01,computers_accessories,98.9,4,395.6,151.99,98.9,98.9,0.8482232196460733,Cheaper,-1.695567818369519,Cluster_Volume
computers1,2017-10-01,computers_accessories,98.9,4,395.6,154.6958824,98.9,98.9,0.8417119598103991,Cheaper,-1.695567818369519,Cluster_Volume
computers1,2017-11-01,computers_accessories,98.9,6,593.4000000000001,149.99,98.9,109.9,0.8269461244739262,Cheaper,-1.695567818369519,Cluster_Volume
computers1,2017-12-01,computers_accessories,98.9,1,98.9,149.99,98.9,109.9,0.8269461244739262,Cheaper,-1.695567818369519,Cluster_Volume
computers1,2018-01-01,computers_accessories,90.534,31,2806.554,156.5113514,150.3545455,97.6425,0.6714372361153821,Cheaper,-1.695567818369519,Cluster_Volume
computers1,2018-02-01,computers_accessories,84.75608696,30,2542.6826088000003,149.0,149.9,78.7122807,0.6733580285276989,Cheaper,-1.695567818369519,Cluster_Volume
computers1,2018-03-01,computers_accessories,87.5,13,1137.5,136.1428571,149.9,81.02391304,0.7151287486466888,Cheaper,-1.695567818369519,Cluster_Volume
computers1,2018-04-01,computers_accessories,94.0,5,470.0,120.9230769,149.9,80.66666667,0.8022993704902773,Cheaper,-1.695567818369519,Cluster_Volume
computers1,2018-06-01,computers_accessories,73.0,4,292.0,114.4911538,149.9,78.9,0.6379424508200072,Cheaper,-1.695567818369519,Cluster_Volume
computers1,2018-07-01,computers_accessories,66.34214286,18,1194.1585714799999,119.99,149.9,77.9,0.5722603541792461,Cheaper,-1.695567818369519,Cluster_Volume
computers1,2018-08-01,computers_accessories,79.9,1,79.9,119.99,149.9,77.9,0.6892090054343138,Cheaper,-1.695567818369519,Cluster_Volume
computers2,2017-11-01,computers_accessories,109.9,1,109.9,149.99,109.9,109.9,0.8915871170123585,Cheaper,-1.8569359637574137,Cluster_Volume
computers2,2017-12-01,computers_accessories,109.9,12,1318.8000000000002,149.99,109.9,109.9,0.8915871170123585,Cheaper,-1.8569359637574137,Cluster_Volume
computers2,2018-01-01,computers_accessories,97.6425,29,2831.6325,156.5113514,150.3545455,97.6425,0.7241567844941811,Cheaper,-1.8569359637574137,Cluster_Volume
computers2,2018-02-01,computers_accessories,78.7122807,71,5588.5719297,149.0,149.9,78.7122807,0.625342061604195,Cheaper,-1.8569359637574137,Cluster_Volume
computers2,2018-03-01,computers_accessories,81.02391304,27,2187.6456520799998,136.1428571,149.9,81.02391304,0.6622003376314667,Cheaper,-1.8569359637574137,Cluster_Volume
computers2,2018-04-01,computers_accessories,80.66666667,13,1048.66666671,120.9230769,149.9,80.66666667,0.6884980413711707,Cheaper,-1.8569359637574137,Cluster_Volume
computers2,2018-05-01,computers_accessories,79.8,11,877.8,119.0,149.9,79.8,0.6865500430169199,Cheaper,-1.8569359637574137,Cluster_Volume
computers2,2018-06-01,computers_accessories,78.9,10,789.0,114.4911538,149.9,78.9,0.6895021831465558,Cheaper,-1.8569359637574137,Cluster_Volume
computers2,2018-07-01,computers_accessories,77.9,7,545.3000000000001,119.99,149.9,77.9,0.6719572155611145,Cheaper,-1.8569359637574137,Cluster_Volume
computers2,2018-08-01,computers_accessories,77.9,2,155.8,119.99,149.9,77.9,0.6719572155611145,Cheaper,-1.8569359637574137,Cluster_Volume
computers3,2017-05-01,computers_accessories,178.0571429,15,2670.8571435,178.0571429,178.0571429,178.0571429,1.0,Equal,0.0,Cluster_Margin
computers3,2017-06-01,computers_accessories,149.8525,15,2247.7875,159.99,149.8525,149.8525,0.9779473346457978,Equal,0.0,Cluster_Margin
computers3,2017-07-01,computers_accessories,146.6,4,586.4,139.99,146.6,146.6,1.015258893326254,Equal,0.0,Cluster_Margin
computers3,2017-08-01,computers_accessories,144.96,13,1884.48,145.7042857,144.96,144.96,0.9982914503978949,Equal,0.0,Cluster_Margin
computers3,2017-09-01,computers_accessories,138.59,12,1663.08,151.99,138.59,138.59,0.968776941538318,Equal,0.0,Cluster_Margin
computers3,2017-10-01,computers_accessories,137.9,16,2206.4,154.6958824,137.9,137.9,0.9609848012799483,Equal,0.0,Cluster_Margin
computers3,2017-11-01,computers_accessories,137.9,18,2482.2000000000003,149.99,137.9,109.9,1.0399959777772192,Equal,0.0,Cluster_Margin
computers3,2017-12-01,computers_accessories,134.9,2,269.8,149.99,134.9,109.9,1.0251019529370045,Equal,0.0,Cluster_Margin
computers3,2018-01-01,computers_accessories,133.0,5,665.0,156.5113514,150.3545455,97.6425,0.9863824905929907,Equal,0.0,Cluster_Margin
computers3,2018-02-01,computers_accessories,132.97,3,398.90999999999997,149.0,149.9,78.7122807,1.0564010239829047,Expensive,0.0,Cluster_Margin
computers4,2017-02-01,computers_accessories,159.99,3,479.97,159.99,159.99,159.99,1.0,Equal,-2.8654595499207023,Cluster_Volume
computers4,2017-03-01,computers_accessories,159.99,3,479.97,159.99,159.99,159.99,1.0,Equal,-2.8654595499207023,Cluster_Volume
computers4,2017-04-01,computers_accessories,139.99,5,699.95,139.99,139.99,139.99,1.0,Equal,-2.8654595499207023,Cluster_Volume
computers4,2017-06-01,computers_accessories,159.99,3,479.97,159.99,159.99,159.99,1.0,Equal,-2.8654595499207023,Cluster_Volume
computers4,2017-07-01,computers_accessories,139.99,6,839.94,139.99,139.99,139.99,1.0,Equal,-2.8654595499207023,Cluster_Volume
computers4,2017-08-01,computers_accessories,145.7042857,7,1019.9299999000001,145.7042857,145.7042857,145.7042857,1.0,Equal,-2.8654595499207023,Cluster_Volume
computers4,2017-09-01,computers_accessories,151.99,11,1671.89,151.99,151.99,151.99,1.0,Equal,-2.8654595499207023,Cluster_Volume
computers4,2017-10-01,computers_accessories,154.6958824,17,2629.8300007999997,154.6958824,154.6958824,154.6958824,1.0,Equal,-2.8654595499207023,Cluster_Volume
computers4,2017-11-01,computers_accessories,149.99,18,2699.82,149.99,149.99,109.9,1.0978091148628868,Expensive,-2.8654595499207023,Cluster_Volume
computers4,2017-12-01,computers_accessories,149.99,23,3449.7700000000004,149.99,149.99,109.9,1.0978091148628868,Expensive,-2.8654595499207023,Cluster_Volume
computers4,2018-01-01,computers_accessories,156.5113514,43,6729.9881102,156.5113514,150.3545455,97.6425,1.1607523052632087,Expensive,-2.8654595499207023,Cluster_Volume
computers4,2018-02-01,computers_accessories,149.0,31,4619.0,149.0,149.9,78.7122807,1.1837538736064737,Expensive,-2.8654595499207023,Cluster_Volume
computers4,2018-03-01,computers_accessories,136.1428571,44,5990.285712399999,136.1428571,149.9,81.02391304,1.1126819546869482,Expensive,-2.8654595499207023,Cluster_Volume
computers4,2018-04-01,computers_accessories,120.9230769,56,6771.6923064,120.9230769,149.9,80.66666667,1.0320905156874192,Equal,-2.8654595499207023,Cluster_Volume
computers4,2018-05-01,computers_accessories,119.0,25,2975.0,119.0,149.9,79.8,1.023802695726986,Equal,-2.8654595499207023,Cluster_Volume
computers4,2018-06-01,computers_accessories,114.4911538,27,3091.2611526,114.4911538,149.9,78.9,1.0005310582518134,Equal,-2.8654595499207023,Cluster_Volume
computers4,2018-07-01,computers_accessories,119.99,9,1079.9099999999999,119.99,149.9,77.9,1.0350211334425947,Equal,-2.8654595499207023,Cluster_Volume
computers4,2018-08-01,computers_accessories,119.99,10,1199.8999999999999,119.99,149.9,77.9,1.0350211334425947,Equal,-2.8654595499207023,Cluster_Volume
computers5,2017-10-01,computers_accessories,167.0,1,167.0,154.6958824,167.0,167.0,1.025177452978679,Equal,-2.7657154214818878,Cluster_Volume
computers5,2017-12-01,computers_accessories,119.9,2,239.8,149.99,119.9,109.9,0.9471023460333344,Cheaper,-2.7657154214818878,Cluster_Volume
computers5,2018-01-01,computers_accessories,93.09489362,57,5306.40893634,156.5113514,150.3545455,97.6425,0.6904298724089106,Cheaper,-2.7657154214818878,Cluster_Volume
computers5,2018-02-01,computers_accessories,77.155,45,3471.975,149.0,149.9,78.7122807,0.6129700007926676,Cheaper,-2.7657154214818878,Cluster_Volume
computers5,2018-03-01,computers_accessories,88.0,6,528.0,136.1428571,149.9,81.02391304,0.7192151986389557,Cheaper,-2.7657154214818878,Cluster_Volume
computers5,2018-04-01,computers_accessories,88.0,10,880.0,120.9230769,149.9,80.66666667,0.7510887723738767,Cheaper,-2.7657154214818878,Cluster_Volume
computers5,2018-06-01,computers_accessories,89.9,3,269.70000000000005,114.4911538,149.9,78.9,0.7856304976536802,Cheaper,-2.7657154214818878,Cluster_Volume
computers5,2018-07-01,computers_accessories,78.9,3,236.70000000000002,119.99,149.9,77.9,0.6805831104977142,Cheaper,-2.7657154214818878,Cluster_Volume
computers6,2018-01-01,computers_accessories,150.3545455,22,3307.800001,156.5113514,150.3545455,97.6425,1.11509091024261,Expensive,-74.48075757876873,Cluster_Volume
computers6,2018-02-01,computers_accessories,149.9,69,10343.1,149.0,149.9,78.7122807,1.1909040647893314,Expensive,-74.48075757876873,Cluster_Volume
computers6,2018-03-01,computers_accessories,149.9,51,7644.900000000001,136.1428571,149.9,81.02391304,1.2251177076815847,Expensive,-74.48075757876873,Cluster_Volume
computers6,2018-04-01,computers_accessories,149.9,35,5246.5,120.9230769,149.9,80.66666667,1.2794114429414105,Expensive,-74.48075757876873,Cluster_Volume
computers6,2018-05-01,computers_accessories,149.9,52,7794.8,119.0,149.9,79.8,1.289647261256094,Expensive,-74.48075757876873,Cluster_Volume
computers6,2018-06-01,computers_accessories,149.9,27,4047.3,114.4911538,149.9,78.9,1.3099667586016313,Expensive,-74.48075757876873,Cluster_Volume
computers6,2018-07-01,computers_accessories,149.9,13,1948.7,119.99,149.9,77.9,1.293021650996291,Expensive,-74.48075757876873,Cluster_Volume
computers6,2018-08-01,computers_accessories,149.9,5,749.5,119.99,149.9,77.9,1.293021650996291,Expensive,-74.48075757876873,Cluster_Volume
consoles1,2017-07-01,consoles_games,19.9,13,258.7,19.9,19.9,19.9,1.0,Equal,-2.9100168550312815,Cluster_Volume
consoles1,2017-08-01,consoles_games,19.9,24,477.59999999999997,19.9,19.9,19.9,1.0,Equal,-2.9100168550312815,Cluster_Volume
consoles1,2017-09-01,consoles_games,19.9,9,179.1,19.9,19.9,19.9,1.0,Equal,-2.9100168550312815,Cluster_Volume
consoles1,2017-10-01,consoles_games,21.54285714,28,603.19999992,21.54285714,20.66666667,21.54285714,1.013743650934185,Equal,-2.9100168550312815,Cluster_Volume
consoles1,2017-11-01,consoles_games,24.5,28,686.0,24.5,24.5,24.5,1.0,Equal,-2.9100168550312815,Cluster_Volume
consoles1,2017-12-01,consoles_games,24.5,16,392.0,24.5,24.5,24.5,1.0,Equal,-2.9100168550312815,Cluster_Volume
consoles1,2018-02-01,consoles_games,32.5,5,162.5,32.5,32.5,32.5,1.0,Equal,-2.9100168550312815,Cluster_Volume
consoles1,2018-03-01,consoles_games,32.5,6,195.0,32.5,32.74285714,32.5,0.9975153464191031,Equal,-2.9100168550312815,Cluster_Volume
consoles1,2018-04-01,consoles_games,35.05714286,7,245.40000002,35.05714286,34.2,35.05714286,1.0082169268962906,Equal,-2.9100168550312815,Cluster_Volume
consoles1,2018-05-01,consoles_games,36.2,3,108.60000000000001,36.2,36.2,36.2,1.0,Equal,-2.9100168550312815,Cluster_Volume
consoles1,2018-06-01,consoles_games,36.2,2,72.4,36.2,36.2,36.2,1.0,Equal,-2.9100168550312815,Cluster_Volume
consoles1,2018-07-01,consoles_games,36.2,1,36.2,36.2,36.2,36.2,1.0,Equal,-2.9100168550312815,Cluster_Volume
consoles2,2017-07-01,consoles_games,19.9,1,19.9,19.9,19.9,19.9,1.0,Equal,-0.8083352032889144,Cluster_Margin
consoles2,2017-08-01,consoles_games,19.9,11,218.89999999999998,19.9,19.9,19.9,1.0,Equal,-0.8083352032889144,Cluster_Margin
consoles2,2017-09-01,consoles_games,19.9,9,179.1,19.9,19.9,19.9,1.0,Equal,-0.8083352032889144,Cluster_Margin
consoles2,2017-10-01,consoles_games,20.66666667,12,248.00000004000003,21.54285714,20.66666667,20.66666667,0.9860648289390448,Equal,-0.8083352032889144,Cluster_Margin
consoles2,2017-11-01,consoles_games,24.5,23,563.5,24.5,24.5,24.5,1.0,Equal,-0.8083352032889144,Cluster_Margin
consoles2,2017-12-01,consoles_games,24.5,17,416.5,24.5,24.5,24.5,1.0,Equal,-0.8083352032889144,Cluster_Margin
consoles2,2018-01-01,consoles_games,27.03333333,10,270.3333333,27.03333333,27.03333333,27.03333333,1.0,Equal,-0.8083352032889144,Cluster_Margin
consoles2,2018-02-01,consoles_games,32.5,1,32.5,32.5,32.5,32.5,1.0,Equal,-0.8083352032889144,Cluster_Margin
consoles2,2018-03-01,consoles_games,32.74285714,7,229.19999997999997,32.5,32.74285714,32.74285714,1.0024784953784796,Equal,-0.8083352032889144,Cluster_Margin
consoles2,2018-04-01,consoles_games,34.2,6,205.20000000000002,35.05714286,34.2,34.2,0.99171499583011,Equal,-0.8083352032889144,Cluster_Margin
cool1,2017-02-01,cool_stuff,85.70428571,7,599.9299999699999,85.70428571,85.70428571,85.70428571,1.0000000000000002,Equal,0.0,Cluster_Margin
cool1,2017-03-01,cool_stuff,99.99,14,1399.86,99.99,129.99,99.99,0.9090826438767159,Cheaper,0.0,Cluster_Margin
cool1,2017-04-01,cool_stuff,99.99,17,1699.83,99.99,129.99,99.99,0.9090826438767159,Cheaper,0.0,Cluster_Margin
cool1,2017-05-01,cool_stuff,99.99,22,2199.7799999999997,99.99,129.99,99.99,0.9090826438767159,Cheaper,0.0,Cluster_Margin
cool1,2017-06-01,cool_stuff,99.99,14,1399.86,99.99,129.99,99.99,0.9090826438767159,Cheaper,0.0,Cluster_Margin
cool1,2017-07-01,cool_stuff,99.99,11,1099.8899999999999,99.99,129.99,99.99,0.9090826438767159,Cheaper,0.0,Cluster_Margin
cool1,2017-08-01,cool_stuff,99.99,14,1399.86,99.99,116.9275,99.99,0.9465538051324125,Cheaper,0.0,Cluster_Margin
cool1,2017-09-01,cool_stuff,99.99,3,299.96999999999997,99.99,99.99,29.5,1.3071727383649991,Expensive,0.0,Cluster_Margin
cool1,2017-10-01,cool_stuff,99.99,2,199.98,99.99,119.99,99.99,0.9374941400756321,Cheaper,0.0,Cluster_Margin
cool1,2017-11-01,cool_stuff,99.99,4,399.96,99.99,129.99,99.99,0.9090826438767159,Cheaper,0.0,Cluster_Margin
cool1,2017-12-01,cool_stuff,99.99,3,299.96999999999997,99.99,129.99,99.99,0.9090826438767159,Cheaper,0.0,Cluster_Margin
cool1,2018-01-01,cool_stuff,99.99,3,299.96999999999997,99.99,129.99,29.5,1.1560428549406503,Expensive,0.0,Cluster_Margin
cool1,2018-02-01,cool_stuff,99.99,1,99.99,99.99,129.99,99.99,0.9090826438767159,Cheaper,0.0,Cluster_Margin
cool1,2018-03-01,cool_stuff,99.99,2,199.98,99.99,129.99,35.0,1.1320477017133368,Expensive,0.0,Cluster_Margin
cool1,2018-04-01,cool_stuff,89.86333333,3,269.58999999,89.86333333,129.99,35.0,1.0578241079582744,Expensive,0.0,Cluster_Margin
cool2,2017-03-01,cool_stuff,129.99,8,1039.92,99.99,129.99,129.99,1.0833402783565298,Expensive,-7.524083220333857,Cluster_Volume
cool2,2017-04-01,cool_stuff,129.99,14,1819.8600000000001,99.99,129.99,129.99,1.0833402783565298,Expensive,-7.524083220333857,Cluster_Volume
cool2,2017-05-01,cool_stuff,129.99,18,2339.82,99.99,129.99,129.99,1.0833402783565298,Expensive,-7.524083220333857,Cluster_Volume
cool2,2017-06-01,cool_stuff,129.99,17,2209.83,99.99,129.99,129.99,1.0833402783565298,Expensive,-7.524083220333857,Cluster_Volume
cool2,2017-07-01,cool_stuff,129.99,16,2079.84,99.99,129.99,129.99,1.0833402783565298,Expensive,-7.524083220333857,Cluster_Volume
cool2,2017-08-01,cool_stuff,116.9275,16,1870.84,99.99,116.9275,116.9275,1.0507346223546856,Expensive,-7.524083220333857,Cluster_Volume
cool2,2017-10-01,cool_stuff,119.99,10,1199.8999999999999,99.99,119.99,119.99,1.0588287201811926,Expensive,-7.524083220333857,Cluster_Volume
cool2,2017-11-01,cool_stuff,129.99,9,1169.91,99.99,129.99,129.99,1.0833402783565298,Expensive,-7.524083220333857,Cluster_Volume
cool2,2017-12-01,cool_stuff,129.99,3,389.97,99.99,129.99,129.99,1.0833402783565298,Expensive,-7.524083220333857,Cluster_Volume
cool2,2018-01-01,cool_stuff,129.99,4,519.96,99.99,129.99,29.5,1.5028903961769693,Expensive,-7.524083220333857,Cluster_Volume
cool2,2018-02-01,cool_stuff,129.99,2,259.98,99.99,129.99,129.99,1.0833402783565298,Expensive,-7.524083220333857,Cluster_Volume
cool2,2018-03-01,cool_stuff,129.99,1,129.99,99.99,129.99,35.0,1.471695977054872,Expensive,-7.524083220333857,Cluster_Volume
cool2,2018-04-01,cool_stuff,129.99,1,129.99,89.86333333,129.99,35.0,1.530174217870804,Expensive,-7.524083220333857,Cluster_Volume
cool3,2017-09-01,cool_stuff,29.5,1,29.5,99.99,29.5,29.5,0.5566387823133531,Cheaper,-2.10288918309143,Cluster_Volume
cool3,2018-01-01,cool_stuff,29.5,76,2242.0,99.99,129.99,29.5,0.34106674888238014,Cheaper,-2.10288918309143,Cluster_Volume
cool3,2018-03-01,cool_stuff,35.0,26,910.0,99.99,129.99,35.0,0.39625632123179105,Cheaper,-2.10288918309143,Cluster_Volume
cool3,2018-04-01,cool_stuff,35.0,4,140.0,89.86333333,129.99,35.0,0.41200167417092187,Cheaper,-2.10288918309143,Cluster_Volume
cool3,2018-05-01,cool_stuff,35.0,4,140.0,35.0,35.0,35.0,1.0,Equal,-2.10288918309143,Cluster_Volume
cool3,2018-06-01,cool_stuff,65.0,2,130.0,65.0,65.0,65.0,1.0,Equal,-2.10288918309143,Cluster_Volume
cool3,2018-08-01,cool_stuff,65.0,1,65.0,65.0,65.0,65.0,1.0,Equal,-2.10288918309143,Cluster_Volume
cool4,2017-07-01,cool_stuff,134.99,1,134.99,99.99,129.99,134.99,1.109598049154725,Expensive,0.0,Cluster_Margin
cool4,2017-08-01,cool_stuff,134.99,1,134.99,99.99,116.9275,134.99,1.1507853626308049,Expensive,0.0,Cluster_Margin
cool4,2017-10-01,cool_stuff,146.99,12,1763.88,99.99,119.99,146.99,1.2016513611466877,Expensive,0.0,Cluster_Margin
cool4,2017-11-01,cool_stuff,157.3603704,27,4248.7300008,99.99,129.99,157.3603704,1.2187759068658133,Expensive,0.0,Cluster_Margin
cool4,2017-12-01,cool_stuff,166.99,29,4842.71,99.99,129.99,166.99,1.2619845328362345,Expensive,0.0,Cluster_Margin
cool4,2018-01-01,cool_stuff,166.99,13,2170.87,99.99,129.99,29.5,1.930669030368429,Expensive,0.0,Cluster_Margin
cool4,2018-02-01,cool_stuff,176.99,8,1415.92,99.99,129.99,176.99,1.3046907634469371,Expensive,0.0,Cluster_Margin
cool4,2018-03-01,cool_stuff,173.8081818,11,1911.8899998,99.99,129.99,35.0,1.967788306287267,Expensive,0.0,Cluster_Margin
cool4,2018-04-01,cool_stuff,169.99,6,1019.94,89.86333333,129.99,35.0,2.001033274066143,Expensive,0.0,Cluster_Margin
cool5,2017-04-01,cool_stuff,99.99,2,199.98,99.99,129.99,99.99,0.9090826438767159,Cheaper,0.0,Cluster_Margin
cool5,2017-05-01,cool_stuff,99.99,18,1799.82,99.99,129.99,99.99,0.9090826438767159,Cheaper,0.0,Cluster_Margin
cool5,2017-06-01,cool_stuff,99.99,11,1099.8899999999999,99.99,129.99,99.99,0.9090826438767159,Cheaper,0.0,Cluster_Margin
cool5,2017-07-01,cool_stuff,99.99,14,1399.86,99.99,129.99,99.99,0.9090826438767159,Cheaper,0.0,Cluster_Margin
cool5,2017-08-01,cool_stuff,99.99,8,799.92,99.99,116.9275,99.99,0.9465538051324125,Cheaper,0.0,Cluster_Margin
cool5,2017-09-01,cool_stuff,99.99,6,599.9399999999999,99.99,99.99,29.5,1.3071727383649991,Expensive,0.0,Cluster_Margin
cool5,2017-10-01,cool_stuff,99.99,9,899.91,99.99,119.99,99.99,0.9374941400756321,Cheaper,0.0,Cluster_Margin
cool5,2017-11-01,cool_stuff,99.99,2,199.98,99.99,129.99,99.99,0.9090826438767159,Cheaper,0.0,Cluster_Margin
cool5,2017-12-01,cool_stuff,99.99,3,299.96999999999997,99.99,129.99,99.99,0.9090826438767159,Cheaper,0.0,Cluster_Margin
cool5,2018-01-01,cool_stuff,99.99,6,599.9399999999999,99.99,129.99,29.5,1.1560428549406503,Expensive,0.0,Cluster_Margin
cool5,2018-02-01,cool_stuff,99.99,9,899.91,99.99,129.99,99.99,0.9090826438767159,Cheaper,0.0,Cluster_Margin
cool5,2018-03-01,cool_stuff,97.952,5,489.76,99.99,129.99,35.0,1.1089742622084686,Expensive,0.0,Cluster_Margin
cool5,2018-04-01,cool_stuff,84.6925,4,338.77,89.86333333,129.99,35.0,0.9969557654205943,Equal,0.0,Cluster_Margin
furniture1,2017-07-01,furniture_decor,38.4,1,38.4,75.0,38.4,38.4,0.758893280632411,Cheaper,-7.286919785907106,Cluster_Volume
furniture1,2017-08-01,furniture_decor,38.4,8,307.2,75.0,38.4,38.4,0.758893280632411,Cheaper,-7.286919785907106,Cluster_Volume
furniture1,2017-09-01,furniture_decor,38.4,12,460.79999999999995,38.4,38.4,38.4,1.0,Equal,-7.286919785907106,Cluster_Volume
furniture1,2017-10-01,furniture_decor,38.4,25,960.0,75.0,38.4,38.4,0.758893280632411,Cheaper,-7.286919785907106,Cluster_Volume
furniture1,2017-11-01,furniture_decor,36.85428571,28,1031.91999988,75.0,36.85428571,99.9,0.52212807291852,Cheaper,-7.286919785907106,Cluster_Volume
furniture1,2018-01-01,furniture_decor,38.4,2,76.8,69.9953271,38.4,99.9,0.5530608948548035,Cheaper,-7.286919785907106,Cluster_Volume
furniture1,2018-02-01,furniture_decor,38.4,9,345.59999999999997,69.9,38.4,99.9,0.5533141210374639,Cheaper,-7.286919785907106,Cluster_Volume
furniture1,2018-03-01,furniture_decor,35.48571429,17,603.25714293,69.9,35.48571429,99.9,0.5185803758346851,Cheaper,-7.286919785907106,Cluster_Volume
furniture1,2018-04-01,furniture_decor,35.0,17,595.0,69.9,35.0,99.9,0.5126953125,Cheaper,-7.286919785907106,Cluster_Volume
furniture1,2018-05-01,furniture_decor,35.0,11,385.0,69.9,35.0,99.9,0.5126953125,Cheaper,-7.286919785907106,Cluster_Volume
furniture1,2018-06-01,furniture_decor,35.0,13,455.0,89.9,35.0,99.9,0.4670818505338078,Cheaper,-7.286919785907106,Cluster_Volume
furniture1,2018-07-01,furniture_decor,35.0,10,350.0,89.9,35.0,78.53571429,0.5161335627151545,Cheaper,-7.286919785907106,Cluster_Volume
furniture1,2018-08-01,furniture_decor,35.0,16,560.0,103.2333333,35.0,83.83333333,0.47283098176525284,Cheaper,-7.286919785907106,Cluster_Volume
furniture2,2017-07-01,furniture_decor,75.0,5,375.0,75.0,38.4,75.0,1.1942675159235667,Expensive,-9.001831630548494,Cluster_Volume
furniture2,2017-08-01,furniture_decor,75.0,13,975.0,75.0,38.4,75.0,1.1942675159235667,Expensive,-9.001831630548494,Cluster_Volume
furniture2,2017-10-01,furniture_decor,75.0,5,375.0,75.0,38.4,75.0,1.1942675159235667,Expensive,-9.001831630548494,Cluster_Volume
furniture2,2017-11-01,furniture_decor,75.0,44,3300.0,75.0,36.85428571,99.9,1.0625522843402573,Expensive,-9.001831630548494,Cluster_Volume
furniture2,2017-12-01,furniture_decor,75.0,47,3525.0,75.0,75.0,99.9,0.9003601440576231,Cheaper,-9.001831630548494,Cluster_Volume
furniture2,2018-01-01,furniture_decor,69.9953271,82,8539.4299062,69.9953271,38.4,99.9,1.0081166208744967,Equal,-9.001831630548494,Cluster_Volume
furniture2,2018-02-01,furniture_decor,69.9,44,3075.6000000000004,69.9,38.4,99.9,1.0072046109510087,Equal,-9.001831630548494,Cluster_Volume
furniture2,2018-03-01,furniture_decor,69.9,65,4543.5,69.9,35.48571429,99.9,1.0215031315026826,Equal,-9.001831630548494,Cluster_Volume
furniture2,2018-04-01,furniture_decor,69.9,82,5801.700000000001,69.9,35.0,99.9,1.02392578125,Equal,-9.001831630548494,Cluster_Volume
furniture2,2018-05-01,furniture_decor,69.9,82,6430.8,69.9,35.0,99.9,1.02392578125,Equal,-9.001831630548494,Cluster_Volume
furniture2,2018-06-01,furniture_decor,89.9,2,179.8,89.9,35.0,99.9,1.1997330960854093,Expensive,-9.001831630548494,Cluster_Volume
furniture2,2018-07-01,furniture_decor,89.9,2,179.8,89.9,35.0,78.53571429,1.3257259225169258,Expensive,-9.001831630548494,Cluster_Volume
furniture2,2018-08-01,furniture_decor,103.2333333,3,309.69999989999997,103.2333333,35.0,83.83333333,1.3946262381468162,Expensive,-9.001831630548494,Cluster_Volume
furniture3,2017-08-01,furniture_decor,38.4,1,38.4,75.0,38.4,38.4,0.758893280632411,Cheaper,-1.161996075411627,Cluster_Volume
furniture3,2017-09-01,furniture_decor,38.4,6,230.39999999999998,38.4,38.4,38.4,1.0,Equal,-1.161996075411627,Cluster_Volume
furniture3,2017-10-01,furniture_decor,38.4,8,307.2,75.0,38.4,38.4,0.758893280632411,Cheaper,-1.161996075411627,Cluster_Volume
furniture3,2017-11-01,furniture_decor,34.58117647,34,1175.75999998,75.0,36.85428571,99.9,0.4899241073782941,Cheaper,-1.161996075411627,Cluster_Volume
furniture3,2017-12-01,furniture_decor,38.4,4,153.6,75.0,38.4,99.9,0.540084388185654,Cheaper,-1.161996075411627,Cluster_Volume
furniture3,2018-01-01,furniture_decor,38.4,15,576.0,69.9953271,38.4,99.9,0.5530608948548035,Cheaper,-1.161996075411627,Cluster_Volume
furniture3,2018-02-01,furniture_decor,38.4,4,153.6,69.9,38.4,99.9,0.5533141210374639,Cheaper,-1.161996075411627,Cluster_Volume
furniture3,2018-03-01,furniture_decor,35.48571429,14,496.80000005999995,69.9,35.48571429,99.9,0.5185803758346851,Cheaper,-1.161996075411627,Cluster_Volume
furniture3,2018-04-01,furniture_decor,35.0,4,140.0,69.9,35.0,99.9,0.5126953125,Cheaper,-1.161996075411627,Cluster_Volume
furniture3,2018-05-01,furniture_decor,35.0,4,140.0,69.9,35.0,99.9,0.5126953125,Cheaper,-1.161996075411627,Cluster_Volume
furniture3,2018-06-01,furniture_decor,35.0,2,70.0,89.9,35.0,99.9,0.4670818505338078,Cheaper,-1.161996075411627,Cluster_Volume
furniture3,2018-08-01,furniture_decor,35.0,1,35.0,103.2333333,35.0,83.83333333,0.47283098176525284,Cheaper,-1.161996075411627,Cluster_Volume
furniture4,2017-11-01,furniture_decor,99.9,1,99.9,75.0,36.85428571,99.9,1.415319642741223,Expensive,-1.628428313758895,Cluster_Volume
furniture4,2017-12-01,furniture_decor,99.9,3,299.70000000000005,75.0,99.9,99.9,1.0906113537117903,Expensive,-1.628428313758895,Cluster_Volume
furniture4,2018-01-01,furniture_decor,99.9,13,1298.7,69.9953271,38.4,99.9,1.4388224842706998,Expensive,-1.628428313758895,Cluster_Volume
furniture4,2018-02-01,furniture_decor,99.9,13,1298.7,69.9,38.4,99.9,1.4394812680115274,Expensive,-1.628428313758895,Cluster_Volume
furniture4,2018-03-01,furniture_decor,99.9,12,1198.8000000000002,69.9,35.48571429,99.9,1.4599164926626322,Expensive,-1.628428313758895,Cluster_Volume
furniture4,2018-04-01,furniture_decor,99.9,13,1298.7,69.9,35.0,99.9,1.46337890625,Expensive,-1.628428313758895,Cluster_Volume
furniture4,2018-05-01,furniture_decor,99.9,13,1298.7,69.9,35.0,99.9,1.46337890625,Expensive,-1.628428313758895,Cluster_Volume
furniture4,2018-06-01,furniture_decor,99.9,10,999.0,89.9,35.0,99.9,1.333185053380783,Expensive,-1.628428313758895,Cluster_Volume
furniture4,2018-07-01,furniture_decor,78.53571429,14,1099.50000006,89.9,35.0,78.53571429,1.1581405147679193,Expensive,-1.628428313758895,Cluster_Volume
furniture4,2018-08-01,furniture_decor,83.83333333,9,754.49999997,103.2333333,35.0,83.83333333,1.1325427800879313,Expensive,-1.628428313758895,Cluster_Volume
garden1,2017-02-01,garden_tools,99.99,1,99.99,99.99,99.99,99.99,1.0,Equal,-3.5336958664989915,Cluster_Volume
garden1,2017-03-01,garden_tools,99.99,5,499.95,99.99,99.99,99.99,1.0,Equal,-3.5336958664989915,Cluster_Volume
garden1,2017-05-01,garden_tools,109.99,4,439.96,59.9,59.9,109.99,1.435963270812481,Expensive,-3.5336958664989915,Cluster_Volume
garden1,2017-06-01,garden_tools,109.99,6,659.9399999999999,59.9,59.9,109.99,1.435963270812481,Expensive,-3.5336958664989915,Cluster_Volume
garden1,2017-07-01,garden_tools,120.0,1,120.0,59.9,59.9,59.9,2.003338898163606,Expensive,-3.5336958664989915,Cluster_Volume
garden1,2017-08-01,garden_tools,120.0,2,240.0,59.9,59.9,59.9,2.003338898163606,Expensive,-3.5336958664989915,Cluster_Volume
garden1,2017-09-01,garden_tools,102.5,7,717.5,59.9,59.9,59.9,1.7111853088480802,Expensive,-3.5336958664989915,Cluster_Volume
garden1,2017-10-01,garden_tools,95.29,17,1619.93,59.9,59.9,59.9,1.5908180300500836,Expensive,-3.5336958664989915,Cluster_Volume
garden1,2017-11-01,garden_tools,89.99,28,2519.72,52.40694444,53.64828125,53.78571429,1.6889915689546111,Expensive,-3.5336958664989915,Cluster_Volume
garden1,2017-12-01,garden_tools,89.99,27,2429.73,55.1,55.425,55.75,1.623635543527289,Expensive,-3.5336958664989915,Cluster_Volume
garden1,2018-01-01,garden_tools,127.7272727,11,1404.9999997,49.9,49.9,49.9,2.5596647835671344,Expensive,-3.5336958664989915,Cluster_Volume
garden1,2018-02-01,garden_tools,120.0,7,840.0,50.54516129,50.9,50.35714286,2.3715055052410414,Expensive,-3.5336958664989915,Cluster_Volume
garden1,2018-03-01,garden_tools,110.0,6,660.0,53.9,53.9,53.9,2.0408163265306123,Expensive,-3.5336958664989915,Cluster_Volume
garden1,2018-04-01,garden_tools,110.0,5,550.0,53.9,53.9,53.9,2.0408163265306123,Expensive,-3.5336958664989915,Cluster_Volume
garden1,2018-05-01,garden_tools,110.0,2,220.0,53.41515152,53.70952381,53.05789474,2.060149240056453,Expensive,-3.5336958664989915,Cluster_Volume
garden1,2018-06-01,garden_tools,89.99,6,539.9399999999999,49.9,49.9,49.9,1.8034068136272545,Expensive,-3.5336958664989915,Cluster_Volume
garden1,2018-07-01,garden_tools,99.99,7,699.93,49.91,49.9,49.9,2.0036737692872886,Expensive,-3.5336958664989915,Cluster_Volume
garden1,2018-08-01,garden_tools,98.32333333,6,589.93999998,49.91,49.9,49.9,1.9702758666087767,Expensive,-3.5336958664989915,Cluster_Volume
garden10,2017-05-01,garden_tools,59.9,3,179.7,59.9,59.9,59.9,1.0,Equal,-1.8382600500148432,Cluster_Volume
garden10,2017-06-01,garden_tools,59.9,3,179.7,59.9,59.9,59.9,1.0,Equal,-1.8382600500148432,Cluster_Volume
garden10,2017-07-01,garden_tools,59.9,19,1138.1,59.9,59.9,59.9,1.0,Equal,-1.8382600500148432,Cluster_Volume
garden10,2017-08-01,garden_tools,59.9,27,1617.3,59.9,59.9,59.9,1.0,Equal,-1.8382600500148432,Cluster_Volume
garden10,2017-09-01,garden_tools,59.9,17,1018.3,59.9,59.9,59.9,1.0,Equal,-1.8382600500148432,Cluster_Volume
garden10,2017-10-01,garden_tools,59.9,31,1856.8999999999999,59.9,59.9,59.9,1.0,Equal,-1.8382600500148432,Cluster_Volume
garden10,2017-11-01,garden_tools,53.64828125,82,4667.40046875,52.40694444,53.64828125,53.78571429,1.0069062642533142,Equal,-1.8382600500148432,Cluster_Volume
garden10,2017-12-01,garden_tools,55.425,32,1773.6,55.1,55.425,55.75,0.9999999999999999,Equal,-1.8382600500148432,Cluster_Volume
garden10,2018-01-01,garden_tools,49.9,29,1447.1,49.9,49.9,49.9,1.0,Equal,-1.8382600500148432,Cluster_Volume
garden10,2018-02-01,garden_tools,50.9,36,1832.3999999999999,50.54516129,50.9,50.35714286,1.0059135851397418,Equal,-1.8382600500148432,Cluster_Volume
garden10,2018-03-01,garden_tools,53.9,35,1886.5,53.9,53.9,53.9,1.0,Equal,-1.8382600500148432,Cluster_Volume
garden10,2018-04-01,garden_tools,53.9,13,700.6999999999999,53.9,53.9,53.9,1.0,Equal,-1.8382600500148432,Cluster_Volume
garden10,2018-05-01,garden_tools,53.70952381,29,1557.57619049,53.41515152,53.70952381,53.05789474,1.0059057696451406,Equal,-1.8382600500148432,Cluster_Volume
garden10,2018-06-01,garden_tools,49.9,6,299.4,49.9,49.9,49.9,1.0,Equal,-1.8382600500148432,Cluster_Volume
garden10,2018-07-01,garden_tools,49.9,14,698.6,49.91,49.9,49.9,0.9999332041947765,Equal,-1.8382600500148432,Cluster_Volume
garden10,2018-08-01,garden_tools,49.9,10,499.0,49.91,49.9,49.9,0.9999332041947765,Equal,-1.8382600500148432,Cluster_Volume
garden2,2017-04-01,garden_tools,59.9,5,299.5,59.9,59.9,59.9,1.0,Equal,0.0,Cluster_Margin
garden2,2017-05-01,garden_tools,59.9,2,119.8,59.9,59.9,59.9,1.0,Equal,0.0,Cluster_Margin
garden2,2017-06-01,garden_tools,59.9,5,299.5,59.9,59.9,59.9,1.0,Equal,0.0,Cluster_Margin
garden2,2017-07-01,garden_tools,59.9,15,898.5,59.9,59.9,59.9,1.0,Equal,0.0,Cluster_Margin
garden2,2017-08-01,garden_tools,59.9,19,1138.1,59.9,59.9,59.9,1.0,Equal,0.0,Cluster_Margin
garden2,2017-09-01,garden_tools,59.9,34,2036.6,59.9,59.9,59.9,1.0,Equal,0.0,Cluster_Margin
garden2,2017-10-01,garden_tools,59.9,13,778.6999999999999,59.9,59.9,59.9,1.0,Equal,0.0,Cluster_Margin
garden2,2017-11-01,garden_tools,54.45,9,490.05,52.40694444,53.64828125,53.78571429,1.021953449600829,Equal,0.0,Cluster_Margin
garden2,2017-12-01,garden_tools,49.9,1,49.9,55.1,55.425,55.75,0.900315741993685,Cheaper,0.0,Cluster_Margin
garden2,2018-01-01,garden_tools,49.9,1,49.9,49.9,49.9,49.9,1.0,Equal,0.0,Cluster_Margin
garden2,2018-02-01,garden_tools,51.23333333,4,204.93333332,50.54516129,50.9,50.35714286,1.0125011003662028,Equal,0.0,Cluster_Margin
garden2,2018-03-01,garden_tools,53.9,2,107.8,53.9,53.9,53.9,1.0,Equal,0.0,Cluster_Margin
garden2,2018-04-01,garden_tools,53.9,2,107.8,53.9,53.9,53.9,1.0,Equal,0.0,Cluster_Margin
garden2,2018-05-01,garden_tools,49.9,4,199.6,53.41515152,53.70952381,53.05789474,0.9345586098074272,Cheaper,0.0,Cluster_Margin
garden2,2018-06-01,garden_tools,49.9,5,249.5,49.9,49.9,49.9,1.0,Equal,0.0,Cluster_Margin
garden2,2018-07-01,garden_tools,49.9,3,149.7,49.91,49.9,49.9,0.9999332041947765,Equal,0.0,Cluster_Margin
garden2,2018-08-01,garden_tools,49.9,3,149.7,49.91,49.9,49.9,0.9999332041947765,Equal,0.0,Cluster_Margin
garden3,2017-02-01,garden_tools,99.99,1,99.99,99.99,99.99,99.99,1.0,Equal,-2.2042093894081516,Cluster_Volume
garden3,2017-03-01,garden_tools,99.99,11,1099.8899999999999,99.99,99.99,99.99,1.0,Equal,-2.2042093894081516,Cluster_Volume
garden3,2017-04-01,garden_tools,96.65666667,8,773.25333336,96.65666667,96.65666667,96.65666667,1.0,Equal,-2.2042093894081516,Cluster_Volume
garden3,2017-05-01,garden_tools,109.99,2,219.98,59.9,59.9,109.99,1.435963270812481,Expensive,-2.2042093894081516,Cluster_Volume
garden3,2017-06-01,garden_tools,119.99,2,239.98,59.9,59.9,119.99,1.501188539972476,Expensive,-2.2042093894081516,Cluster_Volume
garden3,2017-07-01,garden_tools,120.0,2,240.0,59.9,59.9,59.9,2.003338898163606,Expensive,-2.2042093894081516,Cluster_Volume
garden3,2017-09-01,garden_tools,104.25,4,417.0,59.9,59.9,59.9,1.7404006677796329,Expensive,-2.2042093894081516,Cluster_Volume
garden3,2017-10-01,garden_tools,92.594,12,1111.128,59.9,59.9,59.9,1.5458096828046743,Expensive,-2.2042093894081516,Cluster_Volume
garden3,2017-11-01,garden_tools,89.99,21,1889.79,52.40694444,53.64828125,53.78571429,1.6889915689546111,Expensive,-2.2042093894081516,Cluster_Volume
garden3,2017-12-01,garden_tools,89.99,14,1259.86,55.1,55.425,55.75,1.623635543527289,Expensive,-2.2042093894081516,Cluster_Volume
garden3,2018-01-01,garden_tools,123.3316667,12,1479.9800003999999,49.9,49.9,49.9,2.471576486973948,Expensive,-2.2042093894081516,Cluster_Volume
garden3,2018-02-01,garden_tools,120.0,14,1680.0,50.54516129,50.9,50.35714286,2.3715055052410414,Expensive,-2.2042093894081516,Cluster_Volume
garden3,2018-03-01,garden_tools,113.3333333,6,679.9999998000001,53.9,53.9,53.9,2.1026592448979593,Expensive,-2.2042093894081516,Cluster_Volume
garden3,2018-04-01,garden_tools,110.0,7,770.0,53.9,53.9,53.9,2.0408163265306123,Expensive,-2.2042093894081516,Cluster_Volume
garden3,2018-05-01,garden_tools,110.0,8,880.0,53.41515152,53.70952381,53.05789474,2.060149240056453,Expensive,-2.2042093894081516,Cluster_Volume
garden3,2018-06-01,garden_tools,96.65666667,10,966.5666667,49.9,49.9,49.9,1.9370073480961927,Expensive,-2.2042093894081516,Cluster_Volume
garden3,2018-07-01,garden_tools,99.99,5,499.95,49.91,49.9,49.9,2.0036737692872886,Expensive,-2.2042093894081516,Cluster_Volume
garden3,2018-08-01,garden_tools,99.99,2,199.98,49.91,49.9,49.9,2.0036737692872886,Expensive,-2.2042093894081516,Cluster_Volume
garden4,2017-07-01,garden_tools,59.9,13,778.6999999999999,59.9,59.9,59.9,1.0,Equal,0.0,Cluster_Margin
garden4,2017-08-01,garden_tools,59.9,23,1377.7,59.9,59.9,59.9,1.0,Equal,0.0,Cluster_Margin
garden4,2017-09-01,garden_tools,59.9,13,778.6999999999999,59.9,59.9,59.9,1.0,Equal,0.0,Cluster_Margin
garden4,2017-10-01,garden_tools,59.9,36,2156.4,59.9,59.9,59.9,1.0,Equal,0.0,Cluster_Margin
garden4,2017-11-01,garden_tools,53.78571429,69,3711.2142860100003,52.40694444,53.64828125,53.78571429,1.0094856980332432,Equal,0.0,Cluster_Margin
garden4,2017-12-01,garden_tools,55.75,44,2453.0,55.1,55.425,55.75,1.0058637798827244,Equal,0.0,Cluster_Margin
garden4,2018-01-01,garden_tools,49.9,39,1946.1,49.9,49.9,49.9,1.0,Equal,0.0,Cluster_Margin
garden4,2018-02-01,garden_tools,50.35714286,48,2417.14285728,50.54516129,50.9,50.35714286,0.9951853460058301,Equal,0.0,Cluster_Margin
garden4,2018-03-01,garden_tools,53.9,26,1401.3999999999999,53.9,53.9,53.9,1.0,Equal,0.0,Cluster_Margin
garden4,2018-04-01,garden_tools,53.9,28,1509.2,53.9,53.9,53.9,1.0,Equal,0.0,Cluster_Margin
garden4,2018-05-01,garden_tools,53.05789474,25,1326.4473685,53.41515152,53.70952381,53.05789474,0.9937016502509661,Equal,0.0,Cluster_Margin
garden4,2018-06-01,garden_tools,49.9,15,748.5,49.9,49.9,49.9,1.0,Equal,0.0,Cluster_Margin
garden4,2018-07-01,garden_tools,49.9,3,149.7,49.91,49.9,49.9,0.9999332041947765,Equal,0.0,Cluster_Margin
garden4,2018-08-01,garden_tools,49.9,6,299.4,49.91,49.9,49.9,0.9999332041947765,Equal,0.0,Cluster_Margin
garden5,2017-03-01,garden_tools,69.9,6,419.40000000000003,69.9,69.9,69.9,1.0,Equal,-0.32766745142712844,Cluster_Margin
garden5,2017-04-01,garden_tools,82.63333333,3,247.89999999,82.63333333,82.63333333,82.63333333,1.0,Equal,-0.32766745142712844,Cluster_Margin
garden5,2017-05-01,garden_tools,97.58823529,20,1951.7647058,59.9,59.9,97.58823529,1.3467366597803527,Expensive,-0.32766745142712844,Cluster_Margin
garden5,2017-06-01,garden_tools,89.0,8,712.0,59.9,59.9,89.0,1.2787356321839078,Expensive,-0.32766745142712844,Cluster_Margin
garden5,2017-07-01,garden_tools,89.0,10,890.0,59.9,59.9,59.9,1.4858096828046745,Expensive,-0.32766745142712844,Cluster_Margin
garden5,2017-08-01,garden_tools,97.33333333,7,681.3333333100001,59.9,59.9,59.9,1.6249304395659434,Expensive,-0.32766745142712844,Cluster_Margin
garden5,2017-09-01,garden_tools,99.0,9,891.0,59.9,59.9,59.9,1.652754590984975,Expensive,-0.32766745142712844,Cluster_Margin
garden5,2017-10-01,garden_tools,99.0,14,1386.0,59.9,59.9,59.9,1.652754590984975,Expensive,-0.32766745142712844,Cluster_Margin
garden5,2017-11-01,garden_tools,99.0,17,1683.0,52.40694444,53.64828125,53.78571429,1.858097181092416,Expensive,-0.32766745142712844,Cluster_Margin
garden5,2017-12-01,garden_tools,99.0,11,1089.0,55.1,55.425,55.75,1.7861975642760486,Expensive,-0.32766745142712844,Cluster_Margin
garden5,2018-01-01,garden_tools,99.5,4,398.0,49.9,49.9,49.9,1.993987975951904,Expensive,-0.32766745142712844,Cluster_Margin
garden5,2018-02-01,garden_tools,101.0,2,202.0,50.54516129,50.9,50.35714286,1.9960171335778767,Expensive,-0.32766745142712844,Cluster_Margin
garden5,2018-03-01,garden_tools,101.0,1,101.0,53.9,53.9,53.9,1.8738404452690167,Expensive,-0.32766745142712844,Cluster_Margin
garden5,2018-04-01,garden_tools,101.0,1,101.0,53.9,53.9,53.9,1.8738404452690167,Expensive,-0.32766745142712844,Cluster_Margin
garden6,2017-05-01,garden_tools,59.9,4,239.6,59.9,59.9,59.9,1.0,Equal,-0.6533286761942911,Cluster_Margin
garden6,2017-06-01,garden_tools,59.9,1,59.9,59.9,59.9,59.9,1.0,Equal,-0.6533286761942911,Cluster_Margin
garden6,2017-07-01,garden_tools,59.9,14,838.6,59.9,59.9,59.9,1.0,Equal,-0.6533286761942911,Cluster_Margin
garden6,2017-08-01,garden_tools,59.9,39,2336.1,59.9,59.9,59.9,1.0,Equal,-0.6533286761942911,Cluster_Margin
garden6,2017-09-01,garden_tools,59.9,37,2216.2999999999997,59.9,59.9,59.9,1.0,Equal,-0.6533286761942911,Cluster_Margin
garden6,2017-10-01,garden_tools,59.9,39,2336.1,59.9,59.9,59.9,1.0,Equal,-0.6533286761942911,Cluster_Margin
garden6,2017-11-01,garden_tools,52.40694444,82,4769.03194404,52.40694444,53.64828125,53.78571429,0.983608037713443,Equal,-0.6533286761942911,Cluster_Margin
garden6,2017-12-01,garden_tools,55.1,51,2810.1,55.1,55.425,55.75,0.9941362201172755,Equal,-0.6533286761942911,Cluster_Margin
garden6,2018-01-01,garden_tools,49.9,12,598.8,49.9,49.9,49.9,1.0,Equal,-0.6533286761942911,Cluster_Margin
garden6,2018-02-01,garden_tools,50.54516129,39,1971.26129031,50.54516129,50.9,50.35714286,0.9989010688544283,Equal,-0.6533286761942911,Cluster_Margin
garden6,2018-03-01,garden_tools,53.9,31,1670.8999999999999,53.9,53.9,53.9,1.0,Equal,-0.6533286761942911,Cluster_Margin
garden6,2018-04-01,garden_tools,53.9,46,2479.4,53.9,53.9,53.9,1.0,Equal,-0.6533286761942911,Cluster_Margin
garden6,2018-05-01,garden_tools,53.41515152,56,2991.24848512,53.41515152,53.70952381,53.05789474,1.0003925801038935,Equal,-0.6533286761942911,Cluster_Margin
garden6,2018-06-01,garden_tools,49.9,12,598.8,49.9,49.9,49.9,1.0,Equal,-0.6533286761942911,Cluster_Margin
garden6,2018-07-01,garden_tools,49.91,6,299.46,49.91,49.9,49.9,1.0001335916104468,Equal,-0.6533286761942911,Cluster_Margin
garden6,2018-08-01,garden_tools,49.91,6,299.46,49.91,49.9,49.9,1.0001335916104468,Equal,-0.6533286761942911,Cluster_Margin
garden7,2017-04-01,garden_tools,59.9,1,59.9,59.9,59.9,59.9,1.0,Equal,-3.7271986153147187,Cluster_Volume
garden7,2017-05-01,garden_tools,59.9,1,59.9,59.9,59.9,59.9,1.0,Equal,-3.7271986153147187,Cluster_Volume
garden7,2017-07-01,garden_tools,59.9,4,239.6,59.9,59.9,59.9,1.0,Equal,-3.7271986153147187,Cluster_Volume
garden7,2017-08-01,garden_tools,59.9,6,359.4,59.9,59.9,59.9,1.0,Equal,-3.7271986153147187,Cluster_Volume
garden7,2017-09-01,garden_tools,59.9,5,299.5,59.9,59.9,59.9,1.0,Equal,-3.7271986153147187,Cluster_Volume
garden7,2017-10-01,garden_tools,59.9,11,658.9,59.9,59.9,59.9,1.0,Equal,-3.7271986153147187,Cluster_Volume
garden7,2017-11-01,garden_tools,51.32222222,20,1026.4444444,52.40694444,53.64828125,53.78571429,0.963249256912935,Equal,-3.7271986153147187,Cluster_Volume
garden7,2017-12-01,garden_tools,56.97777778,10,569.7777778,55.1,55.425,55.75,1.0280158372575552,Equal,-3.7271986153147187,Cluster_Volume
garden7,2018-01-01,garden_tools,49.9,11,548.9,49.9,49.9,49.9,1.0,Equal,-3.7271986153147187,Cluster_Volume
garden7,2018-02-01,garden_tools,51.4,8,411.2,50.54516129,50.9,50.35714286,1.015794858078246,Equal,-3.7271986153147187,Cluster_Volume
garden7,2018-03-01,garden_tools,53.9,3,161.7,53.9,53.9,53.9,1.0,Equal,-3.7271986153147187,Cluster_Volume
garden7,2018-04-01,garden_tools,53.9,8,431.2,53.9,53.9,53.9,1.0,Equal,-3.7271986153147187,Cluster_Volume
garden7,2018-05-01,garden_tools,52.9,9,476.09999999999997,53.41515152,53.70952381,53.05789474,0.9907444981726032,Equal,-3.7271986153147187,Cluster_Volume
garden7,2018-06-01,garden_tools,49.9,5,249.5,49.9,49.9,49.9,1.0,Equal,-3.7271986153147187,Cluster_Volume
garden7,2018-07-01,garden_tools,49.9,6,299.4,49.91,49.9,49.9,0.9999332041947765,Equal,-3.7271986153147187,Cluster_Volume
garden7,2018-08-01,garden_tools,49.9,7,349.3,49.91,49.9,49.9,0.9999332041947765,Equal,-3.7271986153147187,Cluster_Volume
garden8,2017-02-01,garden_tools,179.99,1,179.99,179.99,179.99,179.99,1.0,Equal,-0.3987182416783124,Cluster_Margin
garden8,2017-04-01,garden_tools,179.99,3,539.97,179.99,179.99,179.99,1.0,Equal,-0.3987182416783124,Cluster_Margin
garden8,2017-09-01,garden_tools,179.99,2,359.98,59.9,59.9,59.9,3.0048414023372287,Expensive,-0.3987182416783124,Cluster_Margin
garden8,2017-10-01,garden_tools,179.99,6,1079.94,59.9,59.9,59.9,3.0048414023372287,Expensive,-0.3987182416783124,Cluster_Margin
garden8,2017-11-01,garden_tools,179.99,13,2339.87,52.40694444,53.64828125,53.78571429,3.3781708244931714,Expensive,-0.3987182416783124,Cluster_Margin
garden8,2017-12-01,garden_tools,183.99,15,2759.8500000000004,55.1,55.425,55.75,3.319621109607578,Expensive,-0.3987182416783124,Cluster_Margin
garden8,2018-01-01,garden_tools,187.8542857,14,2629.9599998,49.9,49.9,49.9,3.7646149438877754,Expensive,-0.3987182416783124,Cluster_Margin
garden8,2018-02-01,garden_tools,179.0,12,2148.0,50.54516129,50.9,50.35714286,3.537495711984554,Expensive,-0.3987182416783124,Cluster_Margin
garden8,2018-03-01,garden_tools,175.1538462,13,2277.0000006,53.9,53.9,53.9,3.249607536178108,Expensive,-0.3987182416783124,Cluster_Margin
garden8,2018-04-01,garden_tools,179.0,11,1969.0,53.9,53.9,53.9,3.320964749536178,Expensive,-0.3987182416783124,Cluster_Margin
garden8,2018-05-01,garden_tools,179.0,3,537.0,53.41515152,53.70952381,53.05789474,3.3524246724555007,Expensive,-0.3987182416783124,Cluster_Margin
garden8,2018-06-01,garden_tools,159.0,10,1590.0,49.9,49.9,49.9,3.1863727454909823,Expensive,-0.3987182416783124,Cluster_Margin
garden8,2018-07-01,garden_tools,139.0,8,1112.0,49.91,49.9,49.9,2.785385077817113,Expensive,-0.3987182416783124,Cluster_Margin
garden8,2018-08-01,garden_tools,139.0,7,973.0,49.91,49.9,49.9,2.785385077817113,Expensive,-0.3987182416783124,Cluster_Margin
garden9,2017-04-01,garden_tools,59.9,3,179.7,59.9,59.9,59.9,1.0,Equal,-1.983818158817034,Cluster_Volume
garden9,2017-05-01,garden_tools,59.9,7,419.3,59.9,59.9,59.9,1.0,Equal,-1.983818158817034,Cluster_Volume
garden9,2017-06-01,garden_tools,59.9,4,239.6,59.9,59.9,59.9,1.0,Equal,-1.983818158817034,Cluster_Volume
garden9,2017-07-01,garden_tools,59.9,19,1138.1,59.9,59.9,59.9,1.0,Equal,-1.983818158817034,Cluster_Volume
garden9,2017-08-01,garden_tools,59.9,21,1257.8999999999999,59.9,59.9,59.9,1.0,Equal,-1.983818158817034,Cluster_Volume
garden9,2017-09-01,garden_tools,59.9,23,1377.7,59.9,59.9,59.9,1.0,Equal,-1.983818158817034,Cluster_Volume
garden9,2017-10-01,garden_tools,59.9,19,1138.1,59.9,59.9,59.9,1.0,Equal,-1.983818158817034,Cluster_Volume
garden9,2017-11-01,garden_tools,53.37910448,82,4377.08656736,52.40694444,53.64828125,53.78571429,1.001854177409349,Equal,-1.983818158817034,Cluster_Volume
garden9,2017-12-01,garden_tools,55.77096774,40,2230.8387096,55.1,55.425,55.75,1.0062420882273342,Equal,-1.983818158817034,Cluster_Volume
garden9,2018-01-01,garden_tools,49.9,25,1247.5,49.9,49.9,49.9,1.0,Equal,-1.983818158817034,Cluster_Volume
garden9,2018-02-01,garden_tools,51.025,44,2245.1,50.54516129,50.9,50.35714286,1.0083839033743678,Equal,-1.983818158817034,Cluster_Volume
garden9,2018-03-01,garden_tools,53.9,25,1347.5,53.9,53.9,53.9,1.0,Equal,-1.983818158817034,Cluster_Volume
garden9,2018-04-01,garden_tools,53.9,20,1078.0,53.9,53.9,53.9,1.0,Equal,-1.983818158817034,Cluster_Volume
garden9,2018-05-01,garden_tools,52.56666667,17,893.63333339,53.41515152,53.70952381,53.05789474,0.9845016217500124,Equal,-1.983818158817034,Cluster_Volume
garden9,2018-06-01,garden_tools,49.9,8,399.2,49.9,49.9,49.9,1.0,Equal,-1.983818158817034,Cluster_Volume
garden9,2018-07-01,garden_tools,49.9,9,449.09999999999997,49.91,49.9,49.9,0.9999332041947765,Equal,-1.983818158817034,Cluster_Volume
garden9,2018-08-01,garden_tools,49.9,7,349.3,49.91,49.9,49.9,0.9999332041947765,Equal,-1.983818158817034,Cluster_Volume
health1,2017-08-01,health_beauty,84.99,3,254.96999999999997,23.39740741,89.99,58.99,1.4791381529109169,Expensive,0.0,Cluster_Margin
health1,2017-09-01,health_beauty,84.99,4,339.96,23.99,89.99,58.99,1.474070648089264,Expensive,0.0,Cluster_Margin
health1,2017-10-01,health_beauty,84.99,3,254.96999999999997,23.99,89.99,58.99,1.474070648089264,Expensive,0.0,Cluster_Margin
health1,2017-11-01,health_beauty,84.99,36,3059.64,23.99,89.99,58.99,1.474070648089264,Expensive,0.0,Cluster_Margin
health1,2017-12-01,health_beauty,84.99,50,4249.5,23.99,89.99,58.99,1.474070648089264,Expensive,0.0,Cluster_Margin
health1,2018-01-01,health_beauty,84.99,13,1104.87,23.99,89.99,58.99,1.474070648089264,Expensive,0.0,Cluster_Margin
health1,2018-02-01,health_beauty,84.99,7,594.93,23.99,89.99,58.99,1.474070648089264,Expensive,0.0,Cluster_Margin
health1,2018-03-01,health_beauty,84.99,4,339.96,23.99,83.74,58.99,1.5293306142034548,Expensive,0.0,Cluster_Margin
health1,2018-06-01,health_beauty,84.99,2,169.98,23.99,79.99,58.99,1.5645210774989262,Expensive,0.0,Cluster_Margin
health10,2018-02-01,health_beauty,47.35789474,21,994.51578954,23.99,89.99,58.99,0.8213776043244493,Cheaper,-5.2038469659164575,Cluster_Volume
health10,2018-03-01,health_beauty,48.45944444,58,2810.64777752,23.99,83.74,58.99,0.8719909628119002,Cheaper,-5.2038469659164575,Cluster_Volume
health10,2018-04-01,health_beauty,53.70176471,18,966.63176478,53.70176471,79.99,58.99,0.8361211263166244,Cheaper,-5.2038469659164575,Cluster_Volume
health10,2018-05-01,health_beauty,52.06928571,33,1718.2864284300001,23.99,79.99,58.99,0.9585068241394122,Cheaper,-5.2038469659164575,Cluster_Volume
health10,2018-06-01,health_beauty,49.98,9,449.82,23.99,79.99,58.99,0.9200466343498803,Cheaper,-5.2038469659164575,Cluster_Volume
health10,2018-07-01,health_beauty,51.512,5,257.56,23.99,79.99,58.99,0.9482481438301529,Cheaper,-5.2038469659164575,Cluster_Volume
health10,2018-08-01,health_beauty,50.71,11,557.8100000000001,23.99,82.82142857,58.99,0.9175433608267856,Cheaper,-5.2038469659164575,Cluster_Volume
health2,2017-08-01,health_beauty,325.0,6,1950.0,23.39740741,89.99,58.99,5.656193666267185,Expensive,0.0,Cluster_Margin
health2,2017-09-01,health_beauty,325.0,11,3575.0,23.99,89.99,58.99,5.6368156327686885,Expensive,0.0,Cluster_Margin
health2,2017-10-01,health_beauty,325.0,2,650.0,23.99,89.99,58.99,5.6368156327686885,Expensive,0.0,Cluster_Margin
health2,2017-11-01,health_beauty,325.0,12,3900.0,23.99,89.99,58.99,5.6368156327686885,Expensive,0.0,Cluster_Margin
health2,2017-12-01,health_beauty,325.0,6,1950.0,23.99,89.99,58.99,5.6368156327686885,Expensive,0.0,Cluster_Margin
health2,2018-01-01,health_beauty,325.0,10,3250.0,23.99,89.99,58.99,5.6368156327686885,Expensive,0.0,Cluster_Margin
health2,2018-02-01,health_beauty,325.0,23,7475.0,23.99,89.99,58.99,5.6368156327686885,Expensive,0.0,Cluster_Margin
health2,2018-03-01,health_beauty,325.8928571,28,9124.9999988,23.99,83.74,58.99,5.864194885436661,Expensive,0.0,Cluster_Margin
health2,2018-04-01,health_beauty,330.0,21,6930.0,330.0,79.99,58.99,2.1109642202226104,Expensive,0.0,Cluster_Margin
health2,2018-05-01,health_beauty,330.0,19,6270.0,23.99,79.99,58.99,6.074737681781923,Expensive,0.0,Cluster_Margin
health2,2018-06-01,health_beauty,330.0,16,5280.0,23.99,79.99,58.99,6.074737681781923,Expensive,0.0,Cluster_Margin
health2,2018-07-01,health_beauty,330.0,13,4290.0,23.99,79.99,58.99,6.074737681781923,Expensive,0.0,Cluster_Margin
health2,2018-08-01,health_beauty,330.0,28,9240.0,23.99,82.82142857,58.99,5.970998009718778,Expensive,0.0,Cluster_Margin
health3,2018-01-01,health_beauty,110.99,1,110.99,23.99,89.99,58.99,1.925015898710759,Expensive,0.0,Cluster_Margin
health3,2018-02-01,health_beauty,110.99,2,221.98,23.99,89.99,58.99,1.925015898710759,Expensive,0.0,Cluster_Margin
health3,2018-03-01,health_beauty,110.99,9,998.91,23.99,83.74,58.99,1.9971809021113245,Expensive,0.0,Cluster_Margin
health3,2018-04-01,health_beauty,116.5284615,13,1514.8699995000002,116.5284615,79.99,58.99,1.3681949413640064,Expensive,0.0,Cluster_Margin
health3,2018-05-01,health_beauty,119.99,23,2759.77,23.99,79.99,58.99,2.208811437687918,Expensive,0.0,Cluster_Margin
health3,2018-06-01,health_beauty,122.99,43,5288.57,23.99,79.99,58.99,2.2640363257041174,Expensive,0.0,Cluster_Margin
health3,2018-07-01,health_beauty,122.99,33,4058.6699999999996,23.99,79.99,58.99,2.2640363257041174,Expensive,0.0,Cluster_Margin
health3,2018-08-01,health_beauty,122.99,32,3935.68,23.99,82.82142857,58.99,2.2253728642888255,Expensive,0.0,Cluster_Margin
health4,2017-10-01,health_beauty,29.9,1,29.9,23.99,89.99,58.99,0.5185870382147193,Cheaper,0.0,Cluster_Margin
health4,2017-11-01,health_beauty,29.9,6,179.39999999999998,23.99,89.99,58.99,0.5185870382147193,Cheaper,0.0,Cluster_Margin
health4,2017-12-01,health_beauty,29.9,6,179.39999999999998,23.99,89.99,58.99,0.5185870382147193,Cheaper,0.0,Cluster_Margin
health4,2018-01-01,health_beauty,29.9,15,448.5,23.99,89.99,58.99,0.5185870382147193,Cheaper,0.0,Cluster_Margin
health4,2018-02-01,health_beauty,29.9,16,478.4,23.99,89.99,58.99,0.5185870382147193,Cheaper,0.0,Cluster_Margin
health4,2018-03-01,health_beauty,29.9,11,328.9,23.99,83.74,58.99,0.53802783109405,Cheaper,0.0,Cluster_Margin
health4,2018-04-01,health_beauty,29.9,22,657.8,29.9,79.99,58.99,0.5311463761250592,Cheaper,0.0,Cluster_Margin
health4,2018-05-01,health_beauty,29.9,22,657.8,23.99,79.99,58.99,0.550408050561453,Cheaper,0.0,Cluster_Margin
health4,2018-06-01,health_beauty,29.9,7,209.29999999999998,23.99,79.99,58.99,0.550408050561453,Cheaper,0.0,Cluster_Margin
health4,2018-07-01,health_beauty,29.9,18,538.1999999999999,23.99,79.99,58.99,0.550408050561453,Cheaper,0.0,Cluster_Margin
health4,2018-08-01,health_beauty,29.9,13,388.7,23.99,82.82142857,58.99,0.5410086075472468,Cheaper,0.0,Cluster_Margin
health5,2017-01-01,health_beauty,349.9,8,2799.2,349.9,349.9,64.99,1.3725336366845802,Expensive,-6.129670839787537,Cluster_Volume
health5,2017-02-01,health_beauty,349.9,4,1399.6,19.99,349.9,64.99,2.4137693156732887,Expensive,-6.129670839787537,Cluster_Volume
health5,2017-03-01,health_beauty,349.9,2,699.8,19.99,89.99,64.99,5.999314168143111,Expensive,-6.129670839787537,Cluster_Volume
health5,2017-04-01,health_beauty,349.9,1,349.9,19.99,349.9,64.99,2.4137693156732887,Expensive,-6.129670839787537,Cluster_Volume
health5,2017-05-01,health_beauty,349.9,4,1399.6,19.99,89.99,64.99,5.999314168143111,Expensive,-6.129670839787537,Cluster_Volume
health5,2017-06-01,health_beauty,349.9,2,699.8,19.99,89.99,58.79952381,6.219356331290978,Expensive,-6.129670839787537,Cluster_Volume
health5,2017-07-01,health_beauty,349.9,1,349.9,19.99,89.99,59.25666667,6.202556577451645,Expensive,-6.129670839787537,Cluster_Volume
health5,2017-08-01,health_beauty,349.9,7,2449.2999999999997,23.39740741,89.99,58.99,6.0895451194673464,Expensive,-6.129670839787537,Cluster_Volume
health5,2017-09-01,health_beauty,349.9,7,2449.2999999999997,23.99,89.99,58.99,6.0686824304792735,Expensive,-6.129670839787537,Cluster_Volume
health5,2017-10-01,health_beauty,349.9,10,3499.0,23.99,89.99,58.99,6.0686824304792735,Expensive,-6.129670839787537,Cluster_Volume
health5,2017-11-01,health_beauty,322.1363636,11,3543.4999995999997,23.99,89.99,58.99,5.58714858530381,Expensive,-6.129670839787537,Cluster_Volume
health5,2017-12-01,health_beauty,349.9,7,2449.2999999999997,23.99,89.99,58.99,6.0686824304792735,Expensive,-6.129670839787537,Cluster_Volume
health5,2018-01-01,health_beauty,349.9,12,4198.799999999999,23.99,89.99,58.99,6.0686824304792735,Expensive,-6.129670839787537,Cluster_Volume
health5,2018-02-01,health_beauty,349.9,15,5248.5,23.99,89.99,58.99,6.0686824304792735,Expensive,-6.129670839787537,Cluster_Volume
health5,2018-03-01,health_beauty,349.9,17,5948.299999999999,23.99,83.74,58.99,6.296185220729367,Expensive,-6.129670839787537,Cluster_Volume
health5,2018-04-01,health_beauty,349.9,7,2449.2999999999997,349.9,79.99,58.99,2.147152675503191,Expensive,-6.129670839787537,Cluster_Volume
health5,2018-05-01,health_beauty,349.9,10,3522.5,23.99,79.99,58.99,6.441062772289379,Expensive,-6.129670839787537,Cluster_Volume
health5,2018-06-01,health_beauty,349.9,11,4004.0,23.99,79.99,58.99,6.441062772289379,Expensive,-6.129670839787537,Cluster_Volume
health5,2018-07-01,health_beauty,349.9,11,4004.0,23.99,79.99,58.99,6.441062772289379,Expensive,-6.129670839787537,Cluster_Volume
health5,2018-08-01,health_beauty,349.9,9,3276.0,23.99,82.82142857,58.99,6.331067283638182,Expensive,-6.129670839787537,Cluster_Volume
health6,2018-01-01,health_beauty,61.99,3,185.97,23.99,89.99,58.99,1.0751575417702492,Expensive,0.0,Cluster_Margin
health6,2018-03-01,health_beauty,61.99,13,805.87,23.99,83.74,58.99,1.1154630518234165,Expensive,0.0,Cluster_Margin
health6,2018-04-01,health_beauty,64.99,15,974.8499999999999,64.99,79.99,58.99,0.9558758640976615,Cheaper,0.0,Cluster_Margin
health6,2018-05-01,health_beauty,64.99,38,2469.62,23.99,79.99,58.99,1.1963551573909308,Expensive,0.0,Cluster_Margin
health6,2018-06-01,health_beauty,66.99,26,1741.7399999999998,23.99,79.99,58.99,1.2331717494017302,Expensive,0.0,Cluster_Margin
health6,2018-07-01,health_beauty,66.99,27,1808.7299999999998,23.99,79.99,58.99,1.2331717494017302,Expensive,0.0,Cluster_Margin
health6,2018-08-01,health_beauty,66.99,28,1875.7199999999998,23.99,82.82142857,58.99,1.2121125959729118,Expensive,0.0,Cluster_Margin
health7,2017-01-01,health_beauty,64.99,1,64.99,64.99,64.99,64.99,1.0,Equal,-4.619778654442131,Cluster_Volume
health7,2017-02-01,health_beauty,64.99,5,324.95,19.99,64.99,64.99,1.3000600120024006,Expensive,-4.619778654442131,Cluster_Volume
health7,2017-03-01,health_beauty,64.99,9,584.91,19.99,89.99,64.99,1.1143053094816255,Expensive,-4.619778654442131,Cluster_Volume
health7,2017-04-01,health_beauty,64.99,9,584.91,19.99,64.99,64.99,1.3000600120024006,Expensive,-4.619778654442131,Cluster_Volume
health7,2017-05-01,health_beauty,64.99,16,1039.84,19.99,89.99,64.99,1.1143053094816255,Expensive,-4.619778654442131,Cluster_Volume
health7,2017-06-01,health_beauty,58.79952381,21,1234.7900000099999,19.99,89.99,58.79952381,1.0451420139600403,Expensive,-4.619778654442131,Cluster_Volume
health7,2017-07-01,health_beauty,59.25666667,15,888.8500000500001,19.99,89.99,59.25666667,1.0504224853154278,Expensive,-4.619778654442131,Cluster_Volume
health7,2017-08-01,health_beauty,58.99,22,1297.78,23.39740741,89.99,58.99,1.0266426596095422,Equal,-4.619778654442131,Cluster_Volume
health7,2017-09-01,health_beauty,58.99,25,1474.75,23.99,89.99,58.99,1.023125397467769,Equal,-4.619778654442131,Cluster_Volume
health7,2017-10-01,health_beauty,58.99,19,1120.81,23.99,89.99,58.99,1.023125397467769,Equal,-4.619778654442131,Cluster_Volume
health7,2017-11-01,health_beauty,58.99,24,1415.76,23.99,89.99,58.99,1.023125397467769,Equal,-4.619778654442131,Cluster_Volume
health7,2017-12-01,health_beauty,58.99,9,530.91,23.99,89.99,58.99,1.023125397467769,Equal,-4.619778654442131,Cluster_Volume
health7,2018-01-01,health_beauty,58.99,6,353.94,23.99,89.99,58.99,1.023125397467769,Equal,-4.619778654442131,Cluster_Volume
health7,2018-02-01,health_beauty,58.99,14,825.86,23.99,89.99,58.99,1.023125397467769,Equal,-4.619778654442131,Cluster_Volume
health7,2018-03-01,health_beauty,58.99,10,589.9,23.99,83.74,58.99,1.0614803262955854,Expensive,-4.619778654442131,Cluster_Volume
health7,2018-04-01,health_beauty,58.99,11,648.89,58.99,79.99,58.99,0.8939233217154116,Cheaper,-4.619778654442131,Cluster_Volume
health7,2018-05-01,health_beauty,58.99,4,235.96,23.99,79.99,58.99,1.0859053813585324,Expensive,-4.619778654442131,Cluster_Volume
health7,2018-06-01,health_beauty,58.99,6,353.94,23.99,79.99,58.99,1.0859053813585324,Expensive,-4.619778654442131,Cluster_Volume
health7,2018-07-01,health_beauty,58.99,2,117.98,23.99,79.99,58.99,1.0859053813585324,Expensive,-4.619778654442131,Cluster_Volume
health7,2018-08-01,health_beauty,58.99,3,176.97,23.99,82.82142857,58.99,1.0673611290706386,Expensive,-4.619778654442131,Cluster_Volume
health8,2017-03-01,health_beauty,89.99,6,539.9399999999999,19.99,89.99,64.99,1.542950220037721,Expensive,0.0,Cluster_Margin
health8,2017-05-01,health_beauty,89.99,6,539.9399999999999,19.99,89.99,64.99,1.542950220037721,Expensive,0.0,Cluster_Margin
health8,2017-06-01,health_beauty,89.99,9,809.91,19.99,89.99,58.79952381,1.599542372829023,Expensive,0.0,Cluster_Margin
health8,2017-07-01,health_beauty,89.99,17,1529.83,19.99,89.99,59.25666667,1.5952216816372493,Expensive,0.0,Cluster_Margin
health8,2017-08-01,health_beauty,89.99,18,1619.82,23.39740741,89.99,58.99,1.566156517007335,Expensive,0.0,Cluster_Margin
health8,2017-09-01,health_beauty,89.99,21,1889.79,23.99,89.99,58.99,1.5607908885933977,Expensive,0.0,Cluster_Margin
health8,2017-10-01,health_beauty,89.99,24,2159.7599999999998,23.99,89.99,58.99,1.5607908885933977,Expensive,0.0,Cluster_Margin
health8,2017-11-01,health_beauty,89.99,26,2339.74,23.99,89.99,58.99,1.5607908885933977,Expensive,0.0,Cluster_Margin
health8,2017-12-01,health_beauty,89.99,19,1709.81,23.99,89.99,58.99,1.5607908885933977,Expensive,0.0,Cluster_Margin
health8,2018-01-01,health_beauty,89.99,20,1799.8,23.99,89.99,58.99,1.5607908885933977,Expensive,0.0,Cluster_Margin
health8,2018-02-01,health_beauty,89.99,17,1529.83,23.99,89.99,58.99,1.5607908885933977,Expensive,0.0,Cluster_Margin
health8,2018-03-01,health_beauty,83.74,16,1339.84,23.99,83.74,58.99,1.506837811900192,Expensive,0.0,Cluster_Margin
health8,2018-04-01,health_beauty,79.99,14,1119.86,79.99,79.99,58.99,1.095903548431292,Expensive,0.0,Cluster_Margin
health8,2018-05-01,health_beauty,79.99,16,1279.84,23.99,79.99,58.99,1.4724795974719274,Expensive,0.0,Cluster_Margin
health8,2018-06-01,health_beauty,79.99,13,1039.87,23.99,79.99,58.99,1.4724795974719274,Expensive,0.0,Cluster_Margin
health8,2018-07-01,health_beauty,79.99,10,799.9,23.99,79.99,58.99,1.4724795974719274,Expensive,0.0,Cluster_Margin
health8,2018-08-01,health_beauty,82.82142857,7,579.74999999,23.99,82.82142857,58.99,1.4985654095561693,Expensive,0.0,Cluster_Margin
health9,2017-02-01,health_beauty,19.99,11,219.89,19.99,19.99,64.99,0.571306087453558,Cheaper,-1.7939556554876028,Cluster_Volume
health9,2017-03-01,health_beauty,19.99,9,179.91,19.99,89.99,64.99,0.3427444704806539,Cheaper,-1.7939556554876028,Cluster_Volume
health9,2017-04-01,health_beauty,19.99,13,259.87,19.99,19.99,64.99,0.571306087453558,Cheaper,-1.7939556554876028,Cluster_Volume
health9,2017-05-01,health_beauty,19.99,16,319.84,19.99,89.99,64.99,0.3427444704806539,Cheaper,-1.7939556554876028,Cluster_Volume
health9,2017-06-01,health_beauty,19.99,21,419.78999999999996,19.99,89.99,58.79952381,0.3553156132109364,Cheaper,-1.7939556554876028,Cluster_Volume
health9,2017-07-01,health_beauty,19.99,29,579.7099999999999,19.99,89.99,59.25666667,0.3543558330473232,Cheaper,-1.7939556554876028,Cluster_Volume
health9,2017-08-01,health_beauty,23.39740741,28,655.12740748,23.39740741,89.99,58.99,0.40720082338312275,Cheaper,-1.7939556554876028,Cluster_Volume
health9,2017-09-01,health_beauty,23.99,24,575.76,23.99,89.99,58.99,0.4160837139388333,Cheaper,-1.7939556554876028,Cluster_Volume
health9,2017-10-01,health_beauty,23.99,27,647.7299999999999,23.99,89.99,58.99,0.4160837139388333,Cheaper,-1.7939556554876028,Cluster_Volume
health9,2017-11-01,health_beauty,23.99,28,671.7199999999999,23.99,89.99,58.99,0.4160837139388333,Cheaper,-1.7939556554876028,Cluster_Volume
health9,2017-12-01,health_beauty,23.99,19,455.80999999999995,23.99,89.99,58.99,0.4160837139388333,Cheaper,-1.7939556554876028,Cluster_Volume
health9,2018-01-01,health_beauty,23.99,19,455.80999999999995,23.99,89.99,58.99,0.4160837139388333,Cheaper,-1.7939556554876028,Cluster_Volume
health9,2018-02-01,health_beauty,23.99,14,335.85999999999996,23.99,89.99,58.99,0.4160837139388333,Cheaper,-1.7939556554876028,Cluster_Volume
health9,2018-03-01,health_beauty,23.99,8,191.92,23.99,83.74,58.99,0.43168186180422263,Cheaper,-1.7939556554876028,Cluster_Volume
health9,2018-05-01,health_beauty,23.99,7,167.92999999999998,23.99,79.99,58.99,0.4416150211695404,Cheaper,-1.7939556554876028,Cluster_Volume
health9,2018-06-01,health_beauty,23.99,3,71.97,23.99,79.99,58.99,0.4416150211695404,Cheaper,-1.7939556554876028,Cluster_Volume
health9,2018-07-01,health_beauty,23.99,3,71.97,23.99,79.99,58.99,0.4416150211695404,Cheaper,-1.7939556554876028,Cluster_Volume
health9,2018-08-01,health_beauty,23.99,2,47.98,23.99,82.82142857,58.99,0.43407346137319236,Cheaper,-1.7939556554876028,Cluster_Volume
perfumery1,2017-06-01,perfumery,56.99,4,227.96,56.99,56.99,56.99,1.0,Equal,0.0,Cluster_Margin
perfumery1,2017-07-01,perfumery,56.99,7,398.93,56.99,56.99,56.99,1.0,Equal,0.0,Cluster_Margin
perfumery1,2017-08-01,perfumery,56.99,7,398.93,56.99,142.5,56.99,0.666601684341859,Cheaper,0.0,Cluster_Margin
perfumery1,2017-09-01,perfumery,56.99,17,968.83,56.99,142.5,56.99,0.666601684341859,Cheaper,0.0,Cluster_Margin
perfumery1,2017-10-01,perfumery,56.99,17,968.83,56.99,142.5,56.99,0.666601684341859,Cheaper,0.0,Cluster_Margin
perfumery1,2017-11-01,perfumery,56.99,20,1139.8,56.99,118.05,56.99,0.7368443735723829,Cheaper,0.0,Cluster_Margin
perfumery1,2017-12-01,perfumery,56.99,24,1367.76,56.99,118.0,56.99,0.7370031899301664,Cheaper,0.0,Cluster_Margin
perfumery1,2018-01-01,perfumery,56.99,10,569.9,56.99,117.9,56.99,0.737321028117992,Cheaper,0.0,Cluster_Margin
perfumery1,2018-02-01,perfumery,56.99,4,227.96,56.99,117.8888889,56.99,0.7373563603599086,Cheaper,0.0,Cluster_Margin
perfumery1,2018-03-01,perfumery,50.49,14,706.86,50.49,117.7,50.49,0.6926559356136821,Cheaper,0.0,Cluster_Margin
perfumery1,2018-04-01,perfumery,49.99,2,99.98,49.99,117.975,49.99,0.6880778142277075,Cheaper,0.0,Cluster_Margin
perfumery1,2018-07-01,perfumery,49.99,8,399.92,49.99,118.7,49.99,0.6857965977684288,Cheaper,0.0,Cluster_Margin
perfumery1,2018-08-01,perfumery,49.99,4,199.96,49.99,116.9066667,49.99,0.6914671255814916,Cheaper,0.0,Cluster_Margin
perfumery2,2017-08-01,perfumery,142.5,1,142.5,56.99,142.5,142.5,1.2500365507763385,Expensive,-7.966038562224216,Cluster_Volume
perfumery2,2017-09-01,perfumery,142.5,1,142.5,56.99,142.5,142.5,1.2500365507763385,Expensive,-7.966038562224216,Cluster_Volume
perfumery2,2017-10-01,perfumery,142.5,2,285.0,56.99,142.5,142.5,1.2500365507763385,Expensive,-7.966038562224216,Cluster_Volume
perfumery2,2017-11-01,perfumery,118.05,8,944.4,56.99,118.05,118.05,1.208331911699478,Expensive,-7.966038562224216,Cluster_Volume
perfumery2,2017-12-01,perfumery,118.0,12,1416.0,56.99,118.0,118.0,1.208232362879279,Expensive,-7.966038562224216,Cluster_Volume
perfumery2,2018-01-01,perfumery,117.9,6,707.4000000000001,56.99,117.9,117.9,1.2080330612384302,Expensive,-7.966038562224216,Cluster_Volume
perfumery2,2018-02-01,perfumery,117.8888889,11,1296.7777779,56.99,117.8888889,117.8888889,1.2080108998251926,Expensive,-7.966038562224216,Cluster_Volume
perfumery2,2018-03-01,perfumery,117.7,4,470.8,50.49,117.7,117.7,1.235090419392074,Expensive,-7.966038562224216,Cluster_Volume
perfumery2,2018-04-01,perfumery,117.975,8,943.8,49.99,117.975,117.975,1.23775966986081,Expensive,-7.966038562224216,Cluster_Volume
perfumery2,2018-05-01,perfumery,119.9,17,2038.3000000000002,119.9,119.9,119.9,0.9999999999999999,Equal,-7.966038562224216,Cluster_Volume
perfumery2,2018-06-01,perfumery,119.1785714,14,1668.4999996,119.1785714,119.1785714,119.1785714,1.0,Equal,-7.966038562224216,Cluster_Volume
perfumery2,2018-07-01,perfumery,118.7,5,593.5,49.99,118.7,118.7,1.2390827794982429,Expensive,-7.966038562224216,Cluster_Volume
perfumery2,2018-08-01,perfumery,116.9066667,17,1987.4133339,49.99,116.9066667,116.9066667,1.2357853443732667,Expensive,-7.966038562224216,Cluster_Volume
watches1,2017-03-01,watches_gifts,241.006,5,1205.03,241.006,241.006,241.006,1.0,Equal,-2.4533461776882004,Cluster_Volume
watches1,2017-04-01,watches_gifts,255.61,3,766.83,255.61,255.61,255.61,1.0,Equal,-2.4533461776882004,Cluster_Volume
watches1,2017-06-01,watches_gifts,185.0,5,925.0,163.0,185.0,185.0,1.0412757973733584,Expensive,-2.4533461776882004,Cluster_Volume
watches1,2017-07-01,watches_gifts,197.383,10,1973.8300000000002,161.5909091,197.383,197.383,1.0643329674073783,Expensive,-2.4533461776882004,Cluster_Volume
watches1,2017-08-01,watches_gifts,179.9,15,2698.5,160.6692308,179.9,179.9,1.0369489069900268,Equal,-2.4533461776882004,Cluster_Volume
watches1,2017-09-01,watches_gifts,164.57,20,3291.3999999999996,148.7785714,164.57,164.57,1.033042090316225,Equal,-2.4533461776882004,Cluster_Volume
watches1,2017-10-01,watches_gifts,232.49,4,929.96,134.9,232.49,232.49,1.1626825365073015,Expensive,-2.4533461776882004,Cluster_Volume
watches1,2017-11-01,watches_gifts,174.4333333,18,3139.7999993999997,133.0,108.0,174.4333333,1.2596485595971796,Expensive,-2.4533461776882004,Cluster_Volume
watches1,2017-12-01,watches_gifts,185.96,5,929.8000000000001,149.0,108.0,185.96,1.25943651797002,Expensive,-2.4533461776882004,Cluster_Volume
watches1,2018-01-01,watches_gifts,199.0,2,398.0,199.0,108.0,199.0,1.1798418972332017,Expensive,-2.4533461776882004,Cluster_Volume
watches1,2018-02-01,watches_gifts,182.0,6,1092.0,128.2416667,108.0,182.0,1.3054653409069346,Expensive,-2.4533461776882004,Cluster_Volume
watches1,2018-03-01,watches_gifts,151.8784375,32,4860.11,117.4412903,105.6428571,151.8784375,1.2151487397643015,Expensive,-2.4533461776882004,Cluster_Volume
watches1,2018-04-01,watches_gifts,150.1333333,9,1351.1999997,105.648625,105.0,150.1333333,1.2483994544025403,Expensive,-2.4533461776882004,Cluster_Volume
watches1,2018-05-01,watches_gifts,132.53125,32,4241.0,103.7925234,105.0,132.53125,1.1648580643518691,Expensive,-2.4533461776882004,Cluster_Volume
watches1,2018-06-01,watches_gifts,138.22,15,2073.3,119.0,105.0,138.22,1.14477389431837,Expensive,-2.4533461776882004,Cluster_Volume
watches1,2018-07-01,watches_gifts,155.0,2,310.0,118.3636364,105.0,155.0,1.2289764535099492,Expensive,-2.4533461776882004,Cluster_Volume
watches1,2018-08-01,watches_gifts,145.5509091,11,1601.0600001000003,112.0,105.0,145.5509091,1.2043901045068433,Expensive,-2.4533461776882004,Cluster_Volume
watches2,2017-06-01,watches_gifts,157.99,5,789.95,163.0,157.99,185.0,0.9367181169588332,Cheaper,-1.5248189621347836,Cluster_Volume
watches2,2017-07-01,watches_gifts,171.792,6,1030.752,161.5909091,171.792,197.383,0.971004337625798,Equal,-1.5248189621347836,Cluster_Volume
watches2,2017-08-01,watches_gifts,169.9,5,849.5,160.6692308,169.9,179.9,0.9984930907612307,Equal,-1.5248189621347836,Cluster_Volume
watches2,2017-09-01,watches_gifts,160.4,10,1604.0,148.7785714,160.4,164.57,1.0157286566120503,Equal,-1.5248189621347836,Cluster_Volume
watches2,2017-10-01,watches_gifts,149.475,16,2391.6,134.9,149.475,232.49,0.8675863136408927,Cheaper,-1.5248189621347836,Cluster_Volume
watches2,2017-11-01,watches_gifts,140.56,26,3654.56,133.0,108.0,174.4333333,1.015036508145313,Equal,-1.5248189621347836,Cluster_Volume
watches2,2017-12-01,watches_gifts,149.0,6,894.0,149.0,108.0,185.96,1.0091204623442298,Equal,-1.5248189621347836,Cluster_Volume
watches2,2018-01-01,watches_gifts,148.5,8,1188.0,148.5,108.0,199.0,0.978046103183315,Equal,-1.5248189621347836,Cluster_Volume
watches2,2018-02-01,watches_gifts,145.9942857,14,2043.9199998000001,128.2416667,108.0,182.0,1.0472004392956864,Expensive,-1.5248189621347836,Cluster_Volume
watches2,2018-03-01,watches_gifts,123.9666667,9,1115.7000003,117.4412903,105.6428571,151.8784375,0.9918322922783969,Equal,-1.5248189621347836,Cluster_Volume
watches2,2018-04-01,watches_gifts,119.19,10,1191.9,105.648625,105.0,150.1333333,0.9910972313717273,Equal,-1.5248189621347836,Cluster_Volume
watches2,2018-05-01,watches_gifts,118.1318182,22,2598.9000004,103.7925234,105.0,132.53125,1.038297013623722,Equal,-1.5248189621347836,Cluster_Volume
watches2,2018-06-01,watches_gifts,139.9,1,139.9,119.0,105.0,138.22,1.1586880901109822,Expensive,-1.5248189621347836,Cluster_Volume
watches2,2018-07-01,watches_gifts,138.98,5,694.9,118.3636364,105.0,155.0,1.101955790379437,Expensive,-1.5248189621347836,Cluster_Volume
watches2,2018-08-01,watches_gifts,138.0,3,414.0,112.0,105.0,145.5509091,1.141908597133897,Expensive,-1.5248189621347836,Cluster_Volume
watches3,2017-03-01,watches_gifts,78.0,1,78.0,78.0,78.0,241.006,0.5894117469257392,Cheaper,-708.0078585147915,Cluster_Volume
watches3,2017-06-01,watches_gifts,78.0,3,234.0,163.0,78.0,185.0,0.5492957746478874,Cheaper,-708.0078585147915,Cluster_Volume
watches3,2017-07-01,watches_gifts,78.0,1,78.0,161.5909091,78.0,197.383,0.5355010794167344,Cheaper,-708.0078585147915,Cluster_Volume
watches3,2017-08-01,watches_gifts,78.0,5,390.0,160.6692308,78.0,179.9,0.5590473039615506,Cheaper,-708.0078585147915,Cluster_Volume
watches3,2017-10-01,watches_gifts,78.0,3,234.0,134.9,78.0,232.49,0.5253822492646893,Cheaper,-708.0078585147915,Cluster_Volume
watches3,2017-11-01,watches_gifts,78.0,2,156.0,133.0,108.0,174.4333333,0.5632672711677178,Cheaper,-708.0078585147915,Cluster_Volume
watches3,2017-12-01,watches_gifts,78.0,6,468.0,149.0,108.0,185.96,0.5282644031063752,Cheaper,-708.0078585147915,Cluster_Volume
watches3,2018-01-01,watches_gifts,78.0,9,702.0,78.0,108.0,199.0,0.6077922077922078,Cheaper,-708.0078585147915,Cluster_Volume
watches3,2018-02-01,watches_gifts,78.0,1,78.0,128.2416667,108.0,182.0,0.559485146102972,Cheaper,-708.0078585147915,Cluster_Volume
watches3,2018-03-01,watches_gifts,78.0,1,78.0,117.4412903,105.6428571,151.8784375,0.624062264938797,Cheaper,-708.0078585147915,Cluster_Volume
watches3,2018-04-01,watches_gifts,78.0,16,1248.0,105.648625,105.0,150.1333333,0.6485911909304031,Cheaper,-708.0078585147915,Cluster_Volume
watches3,2018-05-01,watches_gifts,78.0,5,390.0,103.7925234,105.0,132.53125,0.6855660760722154,Cheaper,-708.0078585147915,Cluster_Volume
watches3,2018-06-01,watches_gifts,78.0,39,3042.0,119.0,105.0,138.22,0.6460162332284247,Cheaper,-708.0078585147915,Cluster_Volume
watches3,2018-07-01,watches_gifts,78.0,40,3120.0,118.3636364,105.0,155.0,0.6184526669275874,Cheaper,-708.0078585147915,Cluster_Volume
watches3,2018-08-01,watches_gifts,77.82142857,28,2178.99999996,112.0,105.0,145.5509091,0.6439489733719164,Cheaper,-708.0078585147915,Cluster_Volume
watches4,2017-11-01,watches_gifts,108.0,13,1404.0,133.0,108.0,174.4333333,0.7799085293091478,Cheaper,0.0,Cluster_Margin
watches4,2017-12-01,watches_gifts,108.0,13,1404.0,149.0,108.0,185.96,0.7314430196857504,Cheaper,0.0,Cluster_Margin
watches4,2018-01-01,watches_gifts,108.0,44,4752.0,108.0,108.0,199.0,0.780722891566265,Cheaper,0.0,Cluster_Margin
watches4,2018-02-01,watches_gifts,108.0,33,3564.0,128.2416667,108.0,182.0,0.7746717407579612,Cheaper,0.0,Cluster_Margin
watches4,2018-03-01,watches_gifts,105.6428571,21,2218.4999991,117.4412903,105.6428571,151.8784375,0.8452271881593805,Cheaper,0.0,Cluster_Margin
watches4,2018-04-01,watches_gifts,105.0,21,2205.0,105.648625,105.0,150.1333333,0.8731035262524656,Cheaper,0.0,Cluster_Margin
watches4,2018-05-01,watches_gifts,105.0,37,3885.0,103.7925234,105.0,132.53125,0.922877410097213,Cheaper,0.0,Cluster_Margin
watches4,2018-06-01,watches_gifts,105.0,28,2940.0,119.0,105.0,138.22,0.869637237038264,Cheaper,0.0,Cluster_Margin
watches4,2018-07-01,watches_gifts,105.0,8,840.0,118.3636364,105.0,155.0,0.8325324362486753,Cheaper,0.0,Cluster_Margin
watches4,2018-08-01,watches_gifts,105.0,7,735.0,112.0,105.0,145.5509091,0.8688434978192694,Cheaper,0.0,Cluster_Margin
watches5,2017-08-01,watches_gifts,229.9,8,1839.2,160.6692308,229.9,179.9,1.2090047328806783,Expensive,-2.1463612648161243,Cluster_Volume
watches5,2017-09-01,watches_gifts,219.06,10,2190.6,148.7785714,219.06,164.57,1.2343527796179277,Expensive,-2.1463612648161243,Cluster_Volume
watches5,2017-10-01,watches_gifts,216.15,8,1729.2,134.9,216.15,232.49,1.1112348767865101,Expensive,-2.1463612648161243,Cluster_Volume
watches5,2017-11-01,watches_gifts,203.2909091,12,2439.4909092,133.0,108.0,174.4333333,1.4680399438713023,Expensive,-2.1463612648161243,Cluster_Volume
watches5,2017-12-01,watches_gifts,224.5428571,28,6287.1999988,149.0,108.0,185.96,1.520743568945277,Expensive,-2.1463612648161243,Cluster_Volume
watches5,2018-01-01,watches_gifts,220.77,10,2207.7000000000003,220.77,108.0,199.0,1.2549216514769692,Expensive,-2.1463612648161243,Cluster_Volume
watches5,2018-02-01,watches_gifts,205.6857143,21,4319.4000003,128.2416667,108.0,182.0,1.4753602809798674,Expensive,-2.1463612648161243,Cluster_Volume
watches5,2018-03-01,watches_gifts,216.1875,16,3459.0,117.4412903,105.6428571,151.8784375,1.7296725756596947,Expensive,-2.1463612648161243,Cluster_Volume
watches5,2018-04-01,watches_gifts,204.3846154,13,2657.0000002,105.648625,105.0,150.1333333,1.6995136039761332,Expensive,-2.1463612648161243,Cluster_Volume
watches5,2018-05-01,watches_gifts,199.0,17,3383.0,103.7925234,105.0,132.53125,1.7490724248509084,Expensive,-2.1463612648161243,Cluster_Volume
watches6,2017-06-01,watches_gifts,163.0,4,652.0,163.0,163.0,185.0,0.9569471624266144,Cheaper,-2.8755236296997024,Cluster_Volume
watches6,2017-07-01,watches_gifts,161.5909091,11,1777.5000001,161.5909091,161.5909091,197.383,0.9312437382461588,Cheaper,-2.8755236296997024,Cluster_Volume
watches6,2017-08-01,watches_gifts,160.6692308,13,2088.7000004,160.6692308,160.6692308,179.9,0.9616334924925481,Equal,-2.8755236296997024,Cluster_Volume
watches6,2017-09-01,watches_gifts,148.7785714,18,2678.0142852,148.7785714,148.7785714,164.57,0.9658288225523377,Equal,-2.8755236296997024,Cluster_Volume
watches6,2017-10-01,watches_gifts,134.9,1,134.9,134.9,134.9,232.49,0.8057098488920743,Cheaper,-2.8755236296997024,Cluster_Volume
watches6,2017-11-01,watches_gifts,133.0,15,1995.0,133.0,108.0,174.4333333,0.9604429110936727,Equal,-2.8755236296997024,Cluster_Volume
watches6,2017-12-01,watches_gifts,149.0,4,596.0,149.0,108.0,185.96,1.0091204623442298,Equal,-2.8755236296997024,Cluster_Volume
watches6,2018-02-01,watches_gifts,128.2416667,6,769.4500002,128.2416667,108.0,182.0,0.9198629183351044,Cheaper,-2.8755236296997024,Cluster_Volume
watches6,2018-03-01,watches_gifts,117.4412903,31,3640.6799993,117.4412903,105.6428571,151.8784375,0.9396240720763177,Cheaper,-2.8755236296997024,Cluster_Volume
watches6,2018-04-01,watches_gifts,105.648625,82,8980.133125,105.648625,105.0,150.1333333,0.8784970193449942,Cheaper,-2.8755236296997024,Cluster_Volume
watches6,2018-05-01,watches_gifts,103.7925234,82,11832.3476676,103.7925234,105.0,132.53125,0.9122645255509179,Cheaper,-2.8755236296997024,Cluster_Volume
watches6,2018-06-01,watches_gifts,119.0,9,1071.0,119.0,105.0,138.22,0.9855888686433658,Equal,-2.8755236296997024,Cluster_Volume
watches6,2018-07-01,watches_gifts,118.3636364,11,1302.0000004,118.3636364,105.0,155.0,0.9384911102413751,Cheaper,-2.8755236296997024,Cluster_Volume
watches6,2018-08-01,watches_gifts,112.0,1,112.0,112.0,105.0,145.5509091,0.9267663976738874,Cheaper,-2.8755236296997024,Cluster_Volume
watches7,2017-08-01,watches_gifts,339.0,2,678.0,160.6692308,339.0,179.9,1.496536267250904,Expensive,-2.7429272682059707,Cluster_Volume
watches7,2017-09-01,watches_gifts,339.0,1,339.0,148.7785714,339.0,164.57,1.5589824897101014,Expensive,-2.7429272682059707,Cluster_Volume
watches7,2017-10-01,watches_gifts,346.158,10,3461.58,134.9,346.158,232.49,1.45536670273058,Expensive,-2.7429272682059707,Cluster_Volume
watches7,2017-11-01,watches_gifts,345.7066667,9,3111.3600003,133.0,108.0,174.4333333,2.496477574058933,Expensive,-2.7429272682059707,Cluster_Volume
watches7,2017-12-01,watches_gifts,348.8,11,3836.8,149.0,108.0,185.96,2.362290048762868,Expensive,-2.7429272682059707,Cluster_Volume
watches7,2018-01-01,watches_gifts,339.9,1,339.9,339.9,108.0,199.0,1.576286906786211,Expensive,-2.7429272682059707,Cluster_Volume
watches7,2018-02-01,watches_gifts,347.0,5,1735.0,128.2416667,108.0,182.0,2.4889916115093755,Expensive,-2.7429272682059707,Cluster_Volume
watches7,2018-03-01,watches_gifts,307.8333333,6,1846.9999997999998,117.4412903,105.6428571,151.8784375,2.462912400036636,Expensive,-2.7429272682059707,Cluster_Volume
watches7,2018-04-01,watches_gifts,280.6666667,6,1684.0000002000002,105.648625,105.0,150.1333333,2.333819584736147,Expensive,-2.7429272682059707,Cluster_Volume
watches7,2018-05-01,watches_gifts,258.9695652,23,5956.2999996,103.7925234,105.0,132.53125,2.276163444055022,Expensive,-2.7429272682059707,Cluster_Volume
watches7,2018-06-01,watches_gifts,245.9,4,983.6,119.0,105.0,138.22,2.0366075865496107,Expensive,-2.7429272682059707,Cluster_Volume
watches7,2018-07-01,watches_gifts,169.3493182,45,7620.719319,118.3636364,105.0,155.0,1.3427504805533155,Expensive,-2.7429272682059707,Cluster_Volume
watches8,2017-07-01,watches_gifts,239.9,2,479.8,161.5909091,239.9,197.383,1.2017554765102056,Expensive,-3.4897765453871954,Cluster_Volume
watches8,2017-10-01,watches_gifts,239.9,2,479.8,134.9,239.9,232.49,1.1851010225757053,Expensive,-3.4897765453871954,Cluster_Volume
watches8,2018-01-01,watches_gifts,229.9,2,459.8,229.9,108.0,199.0,1.2845967591730303,Expensive,-3.4897765453871954,Cluster_Volume
watches8,2018-02-01,watches_gifts,204.6181818,11,2250.7999998,128.2416667,108.0,182.0,1.4677029915345832,Expensive,-3.4897765453871954,Cluster_Volume
watches8,2018-03-01,watches_gifts,167.5,16,2680.0,117.4412903,105.6428571,151.8784375,1.3401337099647244,Expensive,-3.4897765453871954,Cluster_Volume
watches8,2018-04-01,watches_gifts,150.3423077,26,3908.9000002,105.648625,105.0,150.1333333,1.2501371333124114,Expensive,-3.4897765453871954,Cluster_Volume
watches8,2018-05-01,watches_gifts,145.1666667,30,4355.000001,103.7925234,105.0,132.53125,1.2759146418718224,Expensive,-3.4897765453871954,Cluster_Volume
watches8,2018-06-01,watches_gifts,152.6333333,3,457.8999999,119.0,105.0,138.22,1.2641488595328805,Expensive,-3.4897765453871954,Cluster_Volume
watches8,2018-07-01,watches_gifts,157.1428571,14,2199.9999994,118.3636364,105.0,155.0,1.245966911052766,Expensive,-3.4897765453871954,Cluster_Volume
watches8,2018-08-01,watches_gifts,157.9454545,11,1737.3999995000001,112.0,105.0,145.5509091,1.3069512490708026,Expensive,-3.4897765453871954,Cluster_Volume
