product_id,date,cluster,unit_price,lag_price,price_ratio,month_sin,month_cos,qty,revenue,product_score,freight_price,product_weight_g
bed1,2017-05-01,Cluster_Volume,45.95,45.95,0.3929029499786234,0.49999999999999994,-0.8660254037844387,1,45.95,4.0,15.1,350
bed1,2017-06-01,Cluster_Volume,45.95,45.95,0.3997390169638974,1.2246467991473532e-16,-1.0,3,137.85000000000002,4.0,12.93333333,350
bed1,2017-07-01,Cluster_Volume,45.95,45.95,0.4044301012175444,-0.4999999999999997,-0.8660254037844388,6,275.70000000000005,4.0,14.84,350
bed1,2017-08-01,Cluster_Volume,45.95,45.95,0.41105105142864734,-0.8660254037844385,-0.5000000000000004,4,183.8,4.0,14.2875,350
bed1,2017-09-01,Cluster_Volume,45.95,45.95,0.4606536153094732,-1.0,-1.8369701987210297e-16,2,91.9,4.0,15.1,350
bed1,2017-10-01,Cluster_Volume,45.95,45.95,0.7582508250825083,-0.8660254037844386,0.5000000000000001,3,137.85000000000002,4.0,15.1,350
bed1,2017-11-01,Cluster_Volume,40.53181818,45.95,0.711235775799452,-0.5000000000000004,0.8660254037844384,11,445.84999998,4.0,15.83272727,350
bed1,2017-12-01,Cluster_Volume,39.99,40.53181818,0.7121223760282436,-2.4492935982947064e-16,1.0,6,239.94,4.0,15.23,350
bed1,2018-01-01,Cluster_Volume,39.99,39.99,0.7188998082454457,0.49999999999999994,0.8660254037844387,19,759.8100000000001,4.0,16.53368421,350
bed1,2018-02-01,Cluster_Volume,39.99,39.99,0.7188998082454457,0.8660254037844386,0.5000000000000001,18,719.82,4.0,13.74944444,350
bed1,2018-03-01,Cluster_Volume,39.99,39.99,0.7188998082454457,1.0,6.123233995736766e-17,17,679.83,4.0,16.46235294,350
bed1,2018-04-01,Cluster_Volume,39.99,39.99,0.7269807604908347,0.8660254037844387,-0.4999999999999998,13,519.87,4.0,14.23615385,350
bed1,2018-05-01,Cluster_Volume,39.99,39.99,0.733180235872287,0.49999999999999994,-0.8660254037844387,19,759.8100000000001,4.0,10.25631579,350
bed1,2018-06-01,Cluster_Volume,39.99,39.99,0.7503752814610957,1.2246467991473532e-16,-1.0,5,199.95000000000002,4.0,13.998,350
bed1,2018-07-01,Cluster_Volume,39.99,39.99,0.7597205218212463,-0.4999999999999997,-0.8660254037844388,8,319.92,4.0,20.4175,350
bed1,2018-08-01,Cluster_Volume,39.24,39.99,0.7720356768100733,-0.8660254037844385,-0.5000000000000004,8,313.92,4.0,16.33375,350
bed2,2017-02-01,Cluster_Margin,89.9,89.9,0.9999999999999999,0.8660254037844386,0.5000000000000001,2,179.8,3.9,13.02,1383
bed2,2017-03-01,Cluster_Margin,89.9,89.9,0.9999999999999999,1.0,6.123233995736766e-17,22,1977.8000000000002,3.9,13.65272727,1383
bed2,2017-04-01,Cluster_Margin,89.9,89.9,0.9999999999999999,0.8660254037844387,-0.4999999999999998,34,3056.6000000000004,3.9,15.05,1383
bed2,2017-05-01,Cluster_Margin,89.9,89.9,0.768704574604532,0.49999999999999994,-0.8660254037844387,58,5214.200000000001,3.9,15.01189655,1383
bed2,2017-06-01,Cluster_Margin,89.9,89.9,0.7820791648542846,1.2246467991473532e-16,-1.0,51,4584.900000000001,3.9,14.76921569,1383
bed2,2017-07-01,Cluster_Margin,89.9,89.9,0.7912571512395483,-0.4999999999999997,-0.8660254037844388,60,5394.0,3.9,13.99383333,1383
bed2,2017-08-01,Cluster_Margin,89.9,89.9,0.804210871021445,-0.8660254037844385,-0.5000000000000004,37,3326.3,3.9,14.65675676,1383
bed2,2017-09-01,Cluster_Margin,89.9,89.9,0.9012570188535721,-1.0,-1.8369701987210297e-16,23,2067.7000000000003,3.9,18.77652174,1383
bed2,2017-10-01,Cluster_Margin,89.9,89.9,1.19468438538206,-0.8660254037844386,0.5000000000000001,14,1258.6000000000001,3.9,21.57214286,1383
bed2,2017-11-01,Cluster_Margin,89.9,89.9,1.2240628803764906,-0.5000000000000004,0.8660254037844384,40,3596.0,3.9,16.294,1383
bed2,2017-12-01,Cluster_Margin,88.48823529,89.9,1.2235287100368704,-2.4492935982947064e-16,1.0,18,1592.7882352200002,3.9,18.89833333,1383
bed2,2018-01-01,Cluster_Margin,86.9,88.48823529,1.2194209270779737,0.49999999999999994,0.8660254037844387,17,1477.3000000000002,3.9,19.38352941,1383
bed2,2018-02-01,Cluster_Margin,86.9,86.9,1.2194209270779737,0.8660254037844386,0.5000000000000001,22,1911.8000000000002,3.9,19.20909091,1383
bed2,2018-03-01,Cluster_Margin,86.9,86.9,1.2194209270779737,1.0,6.123233995736766e-17,17,1477.3000000000002,3.9,19.98235294,1383
bed2,2018-04-01,Cluster_Margin,85.045,86.9,1.2144659177456207,0.8660254037844387,-0.4999999999999998,6,510.27,3.9,12.94,1383
bed2,2018-05-01,Cluster_Margin,83.64961538,85.045,1.2106217251129134,0.49999999999999994,-0.8660254037844387,26,2174.88999988,3.9,16.78038462,1383
bed2,2018-06-01,Cluster_Margin,79.9,83.64961538,1.1997597477351218,1.2246467991473532e-16,-1.0,23,1837.7,3.9,23.00565217,1383
bed2,2018-07-01,Cluster_Margin,77.93333333,79.9,1.1937301087425745,-0.4999999999999997,-0.8660254037844388,10,779.3333332999999,3.9,19.952,1383
bed2,2018-08-01,Cluster_Margin,74.0,77.93333333,1.185644093142491,-0.8660254037844385,-0.5000000000000004,7,518.0,3.9,17.25571429,1383
bed3,2017-10-01,Cluster_Margin,99.0,99.0,1.2646370023419202,-0.8660254037844386,0.5000000000000001,8,792.0,3.3,16.35375,1550
bed3,2017-11-01,Cluster_Margin,99.0,99.0,1.29450222883641,-0.5000000000000004,0.8660254037844384,22,2178.0,3.3,18.79636364,1550
bed3,2017-12-01,Cluster_Margin,99.0,99.0,1.3056194128698526,-2.4492935982947064e-16,1.0,7,693.0,3.3,18.66285714,1550
bed3,2018-01-01,Cluster_Margin,98.3,99.0,1.3095608153115148,0.49999999999999994,0.8660254037844387,11,1081.3,3.3,16.39727273,1550
bed3,2018-02-01,Cluster_Margin,92.0,98.3,1.2609073050390607,0.8660254037844386,0.5000000000000001,13,1196.0,3.3,16.19461538,1550
bed3,2018-03-01,Cluster_Margin,92.0,92.0,1.2609073050390607,1.0,6.123233995736766e-17,3,276.0,3.3,14.04333333,1550
bed3,2018-04-01,Cluster_Margin,90.875,92.0,1.262678893983604,0.8660254037844387,-0.4999999999999998,9,817.875,3.3,17.82222222,1550
bed3,2018-05-01,Cluster_Margin,88.24,90.875,1.2493887131389787,0.49999999999999994,-0.8660254037844387,14,1235.36,3.3,9.212857143,1550
bed3,2018-06-01,Cluster_Margin,84.9,88.24,1.2437130719273402,1.2246467991473532e-16,-1.0,14,1188.6000000000001,3.3,17.975,1550
bed3,2018-07-01,Cluster_Margin,84.9,84.9,1.2557726757482828,-0.4999999999999997,-0.8660254037844388,9,764.1,3.3,22.44777778,1550
bed3,2018-08-01,Cluster_Margin,84.9,84.9,1.2854547289795095,-0.8660254037844385,-0.5000000000000004,1,84.9,3.3,4.41,1550
bed4,2017-10-01,Cluster_Volume,45.9,45.9,0.7576341127922971,-0.8660254037844386,0.5000000000000001,29,1331.1,4.2,13.88241379,800
bed4,2017-11-01,Cluster_Volume,44.15444444,45.9,0.7587271262477064,-0.5000000000000004,0.8660254037844384,32,1412.94222208,4.2,13.95875,800
bed4,2017-12-01,Cluster_Volume,45.9,44.15444444,0.7896627682405306,-2.4492935982947064e-16,1.0,12,550.8,4.2,13.6875,800
bed4,2018-01-01,Cluster_Volume,45.9,45.9,0.7969211181202615,0.49999999999999994,0.8660254037844387,19,872.1,4.2,14.18210526,800
bed4,2018-02-01,Cluster_Volume,45.9,45.9,0.7969211181202615,0.8660254037844386,0.5000000000000001,16,734.4,4.2,12.1725,800
bed4,2018-03-01,Cluster_Volume,47.9,45.9,0.8221294124377824,1.0,6.123233995736766e-17,8,383.2,4.2,15.22625,800
bed4,2018-04-01,Cluster_Volume,47.9,47.9,0.8309480440627981,0.8660254037844387,-0.4999999999999998,7,335.3,4.2,19.08428571,800
bed4,2018-05-01,Cluster_Volume,47.9,47.9,0.8377073697039088,0.49999999999999994,-0.8660254037844387,2,95.8,4.2,12.055,800
bed4,2018-06-01,Cluster_Volume,47.9,47.9,0.8564276774539602,1.2246467991473532e-16,-1.0,4,191.6,4.2,12.6375,800
bed4,2018-07-01,Cluster_Volume,47.9,47.9,0.8665849197110698,-0.4999999999999997,-0.8660254037844388,2,95.8,4.2,24.69,800
bed5,2017-05-01,Cluster_Volume,215.0,215.0,1.838392475416845,0.49999999999999994,-0.8660254037844387,1,215.0,4.4,8.76,9750
bed5,2017-06-01,Cluster_Volume,209.0,215.0,1.8181818181818183,1.2246467991473532e-16,-1.0,10,2090.0,4.4,21.322,9750
bed5,2017-07-01,Cluster_Volume,205.0,209.0,1.8043127475429075,-0.4999999999999997,-0.8660254037844388,59,12095.0,4.4,22.1959322,9750
bed5,2017-08-01,Cluster_Volume,199.5098039,205.0,1.7847380775499073,-0.8660254037844385,-0.5000000000000004,52,10374.509802800001,4.4,19.41288462,9750
bed5,2017-09-01,Cluster_Volume,163.3987097,199.5098039,1.638089365836955,-1.0,-1.8369701987210297e-16,32,5228.7587104,4.4,24.3246875,9750
computers1,2017-05-01,Cluster_Volume,94.9,94.9,0.9999999999999999,0.49999999999999994,-0.8660254037844387,4,379.6,4.0,15.84,173
computers1,2017-06-01,Cluster_Volume,100.9,94.9,0.8366732082147104,1.2246467991473532e-16,-1.0,6,605.4000000000001,4.0,17.785,173
computers1,2017-07-01,Cluster_Volume,109.9,100.9,0.9163678812640706,-0.4999999999999997,-0.8660254037844388,10,1099.0,4.0,12.015,173
computers1,2017-08-01,Cluster_Volume,109.9,109.9,0.902041406624196,-0.8660254037844385,-0.5000000000000004,2,219.8,4.0,10.39,173
computers1,2017-09-01,Cluster_Volume,98.9,109.9,0.8482232196460733,-1.0,-1.8369701987210297e-16,4,395.6,4.0,14.975,173
computers1,2017-10-01,Cluster_Volume,98.9,98.9,0.8417119598103991,-0.8660254037844386,0.5000000000000001,4,395.6,4.0,17.1225,173
computers1,2017-11-01,Cluster_Volume,98.9,98.9,0.8269461244739262,-0.5000000000000004,0.8660254037844384,6,593.4000000000001,4.0,16.14,173
computers1,2017-12-01,Cluster_Volume,98.9,98.9,0.8269461244739262,-2.4492935982947064e-16,1.0,1,98.9,4.0,13.71,173
computers1,2018-01-01,Cluster_Volume,90.534,98.9,0.6714372361153821,0.49999999999999994,0.8660254037844387,31,2806.554,4.0,14.08322581,173
computers1,2018-02-01,Cluster_Volume,84.75608696,90.534,0.6733580285276989,0.8660254037844386,0.5000000000000001,30,2542.6826088000003,4.0,14.096,173
computers1,2018-03-01,Cluster_Volume,87.5,84.75608696,0.7151287486466888,1.0,6.123233995736766e-17,13,1137.5,4.0,11.67230769,173
computers1,2018-04-01,Cluster_Volume,94.0,87.5,0.8022993704902773,0.8660254037844387,-0.4999999999999998,5,470.0,4.0,15.48,173
computers1,2018-06-01,Cluster_Volume,73.0,94.0,0.6379424508200072,1.2246467991473532e-16,-1.0,4,292.0,4.0,17.1875,173
computers1,2018-07-01,Cluster_Volume,66.34214286,73.0,0.5722603541792461,-0.4999999999999997,-0.8660254037844388,18,1194.1585714799999,4.0,21.16444444,173
computers1,2018-08-01,Cluster_Volume,79.9,66.34214286,0.6892090054343138,-0.8660254037844385,-0.5000000000000004,1,79.9,4.0,13.9,173
computers2,2017-11-01,Cluster_Volume,109.9,109.9,0.8915871170123585,-0.5000000000000004,0.8660254037844384,1,109.9,3.5,15.52,180
computers2,2017-12-01,Cluster_Volume,109.9,109.9,0.8915871170123585,-2.4492935982947064e-16,1.0,12,1318.8000000000002,3.5,25.24916667,180
computers2,2018-01-01,Cluster_Volume,97.6425,109.9,0.7241567844941811,0.49999999999999994,0.8660254037844387,29,2831.6325,3.5,14.84655172,180
computers2,2018-02-01,Cluster_Volume,78.7122807,97.6425,0.625342061604195,0.8660254037844386,0.5000000000000001,71,5588.5719297,3.5,14.53591549,180
computers2,2018-03-01,Cluster_Volume,81.02391304,78.7122807,0.6622003376314667,1.0,6.123233995736766e-17,27,2187.6456520799998,3.5,18.22148148,180
computers2,2018-04-01,Cluster_Volume,80.66666667,81.02391304,0.6884980413711707,0.8660254037844387,-0.4999999999999998,13,1048.66666671,3.5,18.17230769,180
computers2,2018-05-01,Cluster_Volume,79.8,80.66666667,0.6865500430169199,0.49999999999999994,-0.8660254037844387,11,877.8,3.5,14.41454545,180
computers2,2018-06-01,Cluster_Volume,78.9,79.8,0.6895021831465558,1.2246467991473532e-16,-1.0,10,789.0,3.5,17.328,180
computers2,2018-07-01,Cluster_Volume,77.9,78.9,0.6719572155611145,-0.4999999999999997,-0.8660254037844388,7,545.3000000000001,3.5,14.63857143,180
computers2,2018-08-01,Cluster_Volume,77.9,77.9,0.6719572155611145,-0.8660254037844385,-0.5000000000000004,2,155.8,3.5,13.415,180
computers3,2017-05-01,Cluster_Margin,178.0571429,178.0571429,1.0,0.49999999999999994,-0.8660254037844387,15,2670.8571435,4.2,18.75466667,922
computers3,2017-06-01,Cluster_Margin,149.8525,178.0571429,0.9779473346457978,1.2246467991473532e-16,-1.0,15,2247.7875,4.2,21.70066667,922
computers3,2017-07-01,Cluster_Margin,146.6,149.8525,1.015258893326254,-0.4999999999999997,-0.8660254037844388,4,586.4,4.2,18.27,922
computers3,2017-08-01,Cluster_Margin,144.96,146.6,0.9982914503978949,-0.8660254037844385,-0.5000000000000004,13,1884.48,4.2,19.28538462,922
computers3,2017-09-01,Cluster_Margin,138.59,144.96,0.968776941538318,-1.0,-1.8369701987210297e-16,12,1663.08,4.2,35.9225,922
computers3,2017-10-01,Cluster_Margin,137.9,138.59,0.9609848012799483,-0.8660254037844386,0.5000000000000001,16,2206.4,4.2,36.021875,922
computers3,2017-11-01,Cluster_Margin,137.9,137.9,1.0399959777772192,-0.5000000000000004,0.8660254037844384,18,2482.2000000000003,4.2,39.39888889,922
computers3,2017-12-01,Cluster_Margin,134.9,137.9,1.0251019529370045,-2.4492935982947064e-16,1.0,2,269.8,4.2,38.78,922
computers3,2018-01-01,Cluster_Margin,133.0,134.9,0.9863824905929907,0.49999999999999994,0.8660254037844387,5,665.0,4.2,38.044,922
computers3,2018-02-01,Cluster_Margin,132.97,133.0,1.0564010239829047,0.8660254037844386,0.5000000000000001,3,398.90999999999997,4.2,14.59666667,922
computers4,2017-02-01,Cluster_Volume,159.99,159.99,1.0,0.8660254037844386,0.5000000000000001,3,479.97,4.2,33.4,6550
computers4,2017-03-01,Cluster_Volume,159.99,159.99,1.0,1.0,6.123233995736766e-17,3,479.97,4.2,33.4,6550
computers4,2017-04-01,Cluster_Volume,139.99,159.99,1.0,0.8660254037844387,-0.4999999999999998,5,699.95,4.2,35.122,6550
computers4,2017-06-01,Cluster_Volume,159.99,139.99,1.0,1.2246467991473532e-16,-1.0,3,479.97,4.2,42.03333333,6550
computers4,2017-07-01,Cluster_Volume,139.99,159.99,1.0,-0.4999999999999997,-0.8660254037844388,6,839.94,4.2,48.10833333,6550
computers4,2017-08-01,Cluster_Volume,145.7042857,139.99,1.0,-0.8660254037844385,-0.5000000000000004,7,1019.9299999000001,4.2,36.46,6550
computers4,2017-09-01,Cluster_Volume,151.99,145.7042857,1.0,-1.0,-1.8369701987210297e-16,11,1671.89,4.2,43.72272727,6550
computers4,2017-10-01,Cluster_Volume,154.6958824,151.99,1.0,-0.8660254037844386,0.5000000000000001,17,2629.8300007999997,4.2,43.88117647,6550
computers4,2017-11-01,Cluster_Volume,149.99,154.6958824,1.0978091148628868,-0.5000000000000004,0.8660254037844384,18,2699.82,4.2,42.51722222,6550
computers4,2017-12-01,Cluster_Volume,149.99,149.99,1.0978091148628868,-2.4492935982947064e-16,1.0,23,3449.7700000000004,4.2,38.57,6550
computers4,2018-01-01,Cluster_Volume,156.5113514,149.99,1.1607523052632087,0.49999999999999994,0.8660254037844387,43,6729.9881102,4.2,36.8072093,6550
computers4,2018-02-01,Cluster_Volume,149.0,156.5113514,1.1837538736064737,0.8660254037844386,0.5000000000000001,31,4619.0,4.2,41.16322581,6550
computers4,2018-03-01,Cluster_Volume,136.1428571,149.0,1.1126819546869482,1.0,6.123233995736766e-17,44,5990.285712399999,4.2,48.0475,6550
computers4,2018-04-01,Cluster_Volume,120.9230769,136.1428571,1.0320905156874192,0.8660254037844387,-0.4999999999999998,56,6771.6923064,4.2,27.25303571,6550
computers4,2018-05-01,Cluster_Volume,119.0,120.9230769,1.023802695726986,0.49999999999999994,-0.8660254037844387,25,2975.0,4.2,39.2172,6550
computers4,2018-06-01,Cluster_Volume,114.4911538,119.0,1.0005310582518134,1.2246467991473532e-16,-1.0,27,3091.2611526,4.2,53.62555556,6550
computers4,2018-07-01,Cluster_Volume,119.99,114.4911538,1.0350211334425947,-0.4999999999999997,-0.8660254037844388,9,1079.9099999999999,4.2,48.62666667,6550
computers4,2018-08-01,Cluster_Volume,119.99,119.99,1.0350211334425947,-0.8660254037844385,-0.5000000000000004,10,1199.8999999999999,4.2,39.046,6550
computers5,2017-10-01,Cluster_Volume,167.0,167.0,1.025177452978679,-0.8660254037844386,0.5000000000000001,1,167.0,3.5,14.92,207
computers5,2017-12-01,Cluster_Volume,119.9,167.0,0.9471023460333344,-2.4492935982947064e-16,1.0,2,239.8,3.5,13.44,207
computers5,2018-01-01,Cluster_Volume,93.09489362,119.9,0.6904298724089106,0.49999999999999994,0.8660254037844387,57,5306.40893634,3.5,12.23912281,207
computers5,2018-02-01,Cluster_Volume,77.155,93.09489362,0.6129700007926676,0.8660254037844386,0.5000000000000001,45,3471.975,3.5,11.51311111,207
computers5,2018-03-01,Cluster_Volume,88.0,77.155,0.7192151986389557,1.0,6.123233995736766e-17,6,528.0,3.5,17.55333333,207
computers5,2018-04-01,Cluster_Volume,88.0,88.0,0.7510887723738767,0.8660254037844387,-0.4999999999999998,10,880.0,3.5,10.869,207
computers5,2018-06-01,Cluster_Volume,89.9,88.0,0.7856304976536802,1.2246467991473532e-16,-1.0,3,269.70000000000005,3.5,21.82666667,207
computers5,2018-07-01,Cluster_Volume,78.9,89.9,0.6805831104977142,-0.4999999999999997,-0.8660254037844388,3,236.70000000000002,3.5,13.41333333,207
computers6,2018-01-01,Cluster_Volume,150.3545455,150.3545455,1.11509091024261,0.49999999999999994,0.8660254037844387,22,3307.800001,4.3,22.54772727,533
computers6,2018-02-01,Cluster_Volume,149.9,150.3545455,1.1909040647893314,0.8660254037844386,0.5000000000000001,69,10343.1,4.3,26.55289855,533
computers6,2018-03-01,Cluster_Volume,149.9,149.9,1.2251177076815847,1.0,6.123233995736766e-17,51,7644.900000000001,4.3,28.47588235,533
computers6,2018-04-01,Cluster_Volume,149.9,149.9,1.2794114429414105,0.8660254037844387,-0.4999999999999998,35,5246.5,4.3,30.22742857,533
computers6,2018-05-01,Cluster_Volume,149.9,149.9,1.289647261256094,0.49999999999999994,-0.8660254037844387,52,7794.8,4.3,18.94307692,533
computers6,2018-06-01,Cluster_Volume,149.9,149.9,1.3099667586016313,1.2246467991473532e-16,-1.0,27,4047.3,4.3,27.62666667,533
computers6,2018-07-01,Cluster_Volume,149.9,149.9,1.293021650996291,-0.4999999999999997,-0.8660254037844388,13,1948.7,4.3,33.57153846,533
computers6,2018-08-01,Cluster_Volume,149.9,149.9,1.293021650996291,-0.8660254037844385,-0.5000000000000004,5,749.5,4.3,24.76,533
consoles1,2017-07-01,Cluster_Volume,19.9,19.9,1.0,-0.4999999999999997,-0.8660254037844388,13,258.7,4.2,13.47307692,150
consoles1,2017-08-01,Cluster_Volume,19.9,19.9,1.0,-0.8660254037844385,-0.5000000000000004,24,477.59999999999997,4.2,16.16375,150
consoles1,2017-09-01,Cluster_Volume,19.9,19.9,1.0,-1.0,-1.8369701987210297e-16,9,179.1,4.2,16.13333333,150
consoles1,2017-10-01,Cluster_Volume,21.54285714,19.9,1.013743650934185,-0.8660254037844386,0.5000000000000001,28,603.19999992,4.2,13.53428571,150
consoles1,2017-11-01,Cluster_Volume,24.5,21.54285714,1.0,-0.5000000000000004,0.8660254037844384,28,686.0,4.2,13.64535714,150
consoles1,2017-12-01,Cluster_Volume,24.5,24.5,1.0,-2.4492935982947064e-16,1.0,16,392.0,4.2,12.87375,150
consoles1,2018-02-01,Cluster_Volume,32.5,24.5,1.0,0.8660254037844386,0.5000000000000001,5,162.5,4.2,15.256,150
consoles1,2018-03-01,Cluster_Volume,32.5,32.5,0.9975153464191031,1.0,6.123233995736766e-17,6,195.0,4.2,18.05666667,150
consoles1,2018-04-01,Cluster_Volume,35.05714286,32.5,1.0082169268962906,0.8660254037844387,-0.4999999999999998,7,245.40000002,4.2,12.98571429,150
consoles1,2018-05-01,Cluster_Volume,36.2,35.05714286,1.0,0.49999999999999994,-0.8660254037844387,3,108.60000000000001,4.2,15.87,150
consoles1,2018-06-01,Cluster_Volume,36.2,36.2,1.0,1.2246467991473532e-16,-1.0,2,72.4,4.2,18.35,150
consoles1,2018-07-01,Cluster_Volume,36.2,36.2,1.0,-0.4999999999999997,-0.8660254037844388,1,36.2,4.2,22.18,150
consoles2,2017-07-01,Cluster_Margin,19.9,19.9,1.0,-0.4999999999999997,-0.8660254037844388,1,19.9,3.9,11.85,100
consoles2,2017-08-01,Cluster_Margin,19.9,19.9,1.0,-0.8660254037844385,-0.5000000000000004,11,218.89999999999998,3.9,15.83272727,100
consoles2,2017-09-01,Cluster_Margin,19.9,19.9,1.0,-1.0,-1.8369701987210297e-16,9,179.1,3.9,15.41111111,100
consoles2,2017-10-01,Cluster_Margin,20.66666667,19.9,0.9860648289390448,-0.8660254037844386,0.5000000000000001,12,248.00000004000003,3.9,12.80333333,100
consoles2,2017-11-01,Cluster_Margin,24.5,20.66666667,1.0,-0.5000000000000004,0.8660254037844384,23,563.5,3.9,13.65217391,100
consoles2,2017-12-01,Cluster_Margin,24.5,24.5,1.0,-2.4492935982947064e-16,1.0,17,416.5,3.9,13.52470588,100
consoles2,2018-01-01,Cluster_Margin,27.03333333,24.5,1.0,0.49999999999999994,0.8660254037844387,10,270.3333333,3.9,13.319,100
consoles2,2018-02-01,Cluster_Margin,32.5,27.03333333,1.0,0.8660254037844386,0.5000000000000001,1,32.5,3.9,11.85,100
consoles2,2018-03-01,Cluster_Margin,32.74285714,32.5,1.0024784953784796,1.0,6.123233995736766e-17,7,229.19999997999997,3.9,14.02714286,100
consoles2,2018-04-01,Cluster_Margin,34.2,32.74285714,0.99171499583011,0.8660254037844387,-0.4999999999999998,6,205.20000000000002,3.9,15.015,100
cool1,2017-02-01,Cluster_Margin,85.70428571,85.70428571,1.0000000000000002,0.8660254037844386,0.5000000000000001,7,599.9299999699999,4.2,21.97142857,1200
cool1,2017-03-01,Cluster_Margin,99.99,85.70428571,0.9090826438767159,1.0,6.123233995736766e-17,14,1399.86,4.2,16.64428571,1200
cool1,2017-04-01,Cluster_Margin,99.99,99.99,0.9090826438767159,0.8660254037844387,-0.4999999999999998,17,1699.83,4.2,14.20235294,1200
cool1,2017-05-01,Cluster_Margin,99.99,99.99,0.9090826438767159,0.49999999999999994,-0.8660254037844387,22,2199.7799999999997,4.2,15.02090909,1200
cool1,2017-06-01,Cluster_Margin,99.99,99.99,0.9090826438767159,1.2246467991473532e-16,-1.0,14,1399.86,4.2,13.82642857,1200
cool1,2017-07-01,Cluster_Margin,99.99,99.99,0.9090826438767159,-0.4999999999999997,-0.8660254037844388,11,1099.8899999999999,4.2,16.52909091,1200
cool1,2017-08-01,Cluster_Margin,99.99,99.99,0.9465538051324125,-0.8660254037844385,-0.5000000000000004,14,1399.86,4.2,18.975,1200
cool1,2017-09-01,Cluster_Margin,99.99,99.99,1.3071727383649991,-1.0,-1.8369701987210297e-16,3,299.96999999999997,4.2,15.93333333,1200
cool1,2017-10-01,Cluster_Margin,99.99,99.99,0.9374941400756321,-0.8660254037844386,0.5000000000000001,2,199.98,4.2,16.95,1200
cool1,2017-11-01,Cluster_Margin,99.99,99.99,0.9090826438767159,-0.5000000000000004,0.8660254037844384,4,399.96,4.2,16.1875,1200
cool1,2017-12-01,Cluster_Margin,99.99,99.99,0.9090826438767159,-2.4492935982947064e-16,1.0,3,299.96999999999997,4.2,15.26666667,1200
cool1,2018-01-01,Cluster_Margin,99.99,99.99,1.1560428549406503,0.49999999999999994,0.8660254037844387,3,299.96999999999997,4.2,16.54,1200
cool1,2018-02-01,Cluster_Margin,99.99,99.99,0.9090826438767159,0.8660254037844386,0.5000000000000001,1,99.99,4.2,13.72,1200
cool1,2018-03-01,Cluster_Margin,99.99,99.99,1.1320477017133368,1.0,6.123233995736766e-17,2,199.98,4.2,20.78,1200
cool1,2018-04-01,Cluster_Margin,89.86333333,99.99,1.0578241079582744,0.8660254037844387,-0.4999999999999998,3,269.58999999,4.2,19.87666667,1200
cool2,2017-03-01,Cluster_Volume,129.99,129.99,1.0833402783565298,1.0,6.123233995736766e-17,8,1039.92,4.3,18.77875,1600
cool2,2017-04-01,Cluster_Volume,129.99,129.99,1.0833402783565298,0.8660254037844387,-0.4999999999999998,14,1819.8600000000001,4.3,17.39642857,1600
cool2,2017-05-01,Cluster_Volume,129.99,129.99,1.0833402783565298,0.49999999999999994,-0.8660254037844387,18,2339.82,4.3,18.27277778,1600
cool2,2017-06-01,Cluster_Volume,129.99,129.99,1.0833402783565298,1.2246467991473532e-16,-1.0,17,2209.83,4.3,17.06117647,1600
cool2,2017-07-01,Cluster_Volume,129.99,129.99,1.0833402783565298,-0.4999999999999997,-0.8660254037844388,16,2079.84,4.3,18.715625,1600
cool2,2017-08-01,Cluster_Volume,116.9275,129.99,1.0507346223546856,-0.8660254037844385,-0.5000000000000004,16,1870.84,4.3,19.02125,1600
cool2,2017-10-01,Cluster_Volume,119.99,116.9275,1.0588287201811926,-0.8660254037844386,0.5000000000000001,10,1199.8999999999999,4.3,19.997,1600
cool2,2017-11-01,Cluster_Volume,129.99,119.99,1.0833402783565298,-0.5000000000000004,0.8660254037844384,9,1169.91,4.3,22.67444444,1600
cool2,2017-12-01,Cluster_Volume,129.99,129.99,1.0833402783565298,-2.4492935982947064e-16,1.0,3,389.97,4.3,25.59,1600
cool2,2018-01-01,Cluster_Volume,129.99,129.99,1.5028903961769693,0.49999999999999994,0.8660254037844387,4,519.96,4.3,17.41,1600
cool2,2018-02-01,Cluster_Volume,129.99,129.99,1.0833402783565298,0.8660254037844386,0.5000000000000001,2,259.98,4.3,16.71,1600
cool2,2018-03-01,Cluster_Volume,129.99,129.99,1.471695977054872,1.0,6.123233995736766e-17,1,129.99,4.3,18.49,1600
cool2,2018-04-01,Cluster_Volume,129.99,129.99,1.530174217870804,0.8660254037844387,-0.4999999999999998,1,129.99,4.3,23.49,1600
cool3,2017-09-01,Cluster_Volume,29.5,29.5,0.5566387823133531,-1.0,-1.8369701987210297e-16,1,29.5,4.4,11.73,1867
cool3,2018-01-01,Cluster_Volume,29.5,29.5,0.34106674888238014,0.49999999999999994,0.8660254037844387,76,2242.0,4.4,16.53263158,1867
cool3,2018-03-01,Cluster_Volume,35.0,29.5,0.39625632123179105,1.0,6.123233995736766e-17,26,910.0,4.4,16.25615385,1867
cool3,2018-04-01,Cluster_Volume,35.0,35.0,0.41200167417092187,0.8660254037844387,-0.4999999999999998,4,140.0,4.4,14.845,1867
cool3,2018-05-01,Cluster_Volume,35.0,35.0,1.0,0.49999999999999994,-0.8660254037844387,4,140.0,4.4,13.6375,1867
cool3,2018-06-01,Cluster_Volume,65.0,35.0,1.0,1.2246467991473532e-16,-1.0,2,130.0,4.4,15.01,1867
cool3,2018-08-01,Cluster_Volume,65.0,65.0,1.0,-0.8660254037844385,-0.5000000000000004,1,65.0,4.4,57.23,1867
cool4,2017-07-01,Cluster_Margin,134.99,134.99,1.109598049154725,-0.4999999999999997,-0.8660254037844388,1,134.99,3.8,15.7,2425
cool4,2017-08-01,Cluster_Margin,134.99,134.99,1.1507853626308049,-0.8660254037844385,-0.5000000000000004,1,134.99,3.8,15.7,2425
cool4,2017-10-01,Cluster_Margin,146.99,134.99,1.2016513611466877,-0.8660254037844386,0.5000000000000001,12,1763.88,3.8,18.755,2425
cool4,2017-11-01,Cluster_Margin,157.3603704,146.99,1.2187759068658133,-0.5000000000000004,0.8660254037844384,27,4248.7300008,3.8,20.83703704,2425
cool4,2017-12-01,Cluster_Margin,166.99,157.3603704,1.2619845328362345,-2.4492935982947064e-16,1.0,29,4842.71,3.8,24.47137931,2425
cool4,2018-01-01,Cluster_Margin,166.99,166.99,1.930669030368429,0.49999999999999994,0.8660254037844387,13,2170.87,3.8,25.28615385,2425
cool4,2018-02-01,Cluster_Margin,176.99,166.99,1.3046907634469371,0.8660254037844386,0.5000000000000001,8,1415.92,3.8,22.87625,2425
cool4,2018-03-01,Cluster_Margin,173.8081818,176.99,1.967788306287267,1.0,6.123233995736766e-17,11,1911.8899998,3.8,23.95454545,2425
cool4,2018-04-01,Cluster_Margin,169.99,173.8081818,2.001033274066143,0.8660254037844387,-0.4999999999999998,6,1019.94,3.8,24.87833333,2425
cool5,2017-04-01,Cluster_Margin,99.99,99.99,0.9090826438767159,0.8660254037844387,-0.4999999999999998,2,199.98,4.3,21.17,4475
cool5,2017-05-01,Cluster_Margin,99.99,99.99,0.9090826438767159,0.49999999999999994,-0.8660254037844387,18,1799.82,4.3,15.57722222,4475
cool5,2017-06-01,Cluster_Margin,99.99,99.99,0.9090826438767159,1.2246467991473532e-16,-1.0,11,1099.8899999999999,4.3,20.49090909,4475
cool5,2017-07-01,Cluster_Margin,99.99,99.99,0.9090826438767159,-0.4999999999999997,-0.8660254037844388,14,1399.86,4.3,19.91214286,4475
cool5,2017-08-01,Cluster_Margin,99.99,99.99,0.9465538051324125,-0.8660254037844385,-0.5000000000000004,8,799.92,4.3,18.22875,4475
cool5,2017-09-01,Cluster_Margin,99.99,99.99,1.3071727383649991,-1.0,-1.8369701987210297e-16,6,599.9399999999999,4.3,17.78166667,4475
cool5,2017-10-01,Cluster_Margin,99.99,99.99,0.9374941400756321,-0.8660254037844386,0.5000000000000001,9,899.91,4.3,18.51888889,4475
cool5,2017-11-01,Cluster_Margin,99.99,99.99,0.9090826438767159,-0.5000000000000004,0.8660254037844384,2,199.98,4.3,17.45,4475
cool5,2017-12-01,Cluster_Margin,99.99,99.99,0.9090826438767159,-2.4492935982947064e-16,1.0,3,299.96999999999997,4.3,17.95,4475
cool5,2018-01-01,Cluster_Margin,99.99,99.99,1.1560428549406503,0.49999999999999994,0.8660254037844387,6,599.9399999999999,4.3,15.90166667,4475
cool5,2018-02-01,Cluster_Margin,99.99,99.99,0.9090826438767159,0.8660254037844386,0.5000000000000001,9,899.91,4.3,19.08111111,4475
cool5,2018-03-01,Cluster_Margin,97.952,99.99,1.1089742622084686,1.0,6.123233995736766e-17,5,489.76,4.3,17.592,4475
cool5,2018-04-01,Cluster_Margin,84.6925,97.952,0.9969557654205943,0.8660254037844387,-0.4999999999999998,4,338.77,4.3,18.195,4475
furniture1,2017-07-01,Cluster_Volume,38.4,38.4,0.758893280632411,-0.4999999999999997,-0.8660254037844388,1,38.4,3.7,7.78,850
furniture1,2017-08-01,Cluster_Volume,38.4,38.4,0.758893280632411,-0.8660254037844385,-0.5000000000000004,8,307.2,3.7,12.105,850
furniture1,2017-09-01,Cluster_Volume,38.4,38.4,1.0,-1.0,-1.8369701987210297e-16,12,460.79999999999995,3.7,17.95,850
furniture1,2017-10-01,Cluster_Volume,38.4,38.4,0.758893280632411,-0.8660254037844386,0.5000000000000001,25,960.0,3.7,13.98,850
furniture1,2017-11-01,Cluster_Volume,36.85428571,38.4,0.52212807291852,-0.5000000000000004,0.8660254037844384,28,1031.91999988,3.7,13.65214286,850
furniture1,2018-01-01,Cluster_Volume,38.4,36.85428571,0.5530608948548035,0.49999999999999994,0.8660254037844387,2,76.8,3.7,9.34,850
furniture1,2018-02-01,Cluster_Volume,38.4,38.4,0.5533141210374639,0.8660254037844386,0.5000000000000001,9,345.59999999999997,3.7,18.68555556,850
furniture1,2018-03-01,Cluster_Volume,35.48571429,38.4,0.5185803758346851,1.0,6.123233995736766e-17,17,603.25714293,3.7,15.44823529,850
furniture1,2018-04-01,Cluster_Volume,35.0,35.48571429,0.5126953125,0.8660254037844387,-0.4999999999999998,17,595.0,3.7,13.46941176,850
furniture1,2018-05-01,Cluster_Volume,35.0,35.0,0.5126953125,0.49999999999999994,-0.8660254037844387,11,385.0,3.7,14.63454545,850
furniture1,2018-06-01,Cluster_Volume,35.0,35.0,0.4670818505338078,1.2246467991473532e-16,-1.0,13,455.0,3.7,18.10153846,850
furniture1,2018-07-01,Cluster_Volume,35.0,35.0,0.5161335627151545,-0.4999999999999997,-0.8660254037844388,10,350.0,3.7,17.238,850
furniture1,2018-08-01,Cluster_Volume,35.0,35.0,0.47283098176525284,-0.8660254037844385,-0.5000000000000004,16,560.0,3.7,15.628125,850
furniture2,2017-07-01,Cluster_Volume,75.0,75.0,1.1942675159235667,-0.4999999999999997,-0.8660254037844388,5,375.0,4.1,15.856,2600
furniture2,2017-08-01,Cluster_Volume,75.0,75.0,1.1942675159235667,-0.8660254037844385,-0.5000000000000004,13,975.0,4.1,15.37692308,2600
furniture2,2017-10-01,Cluster_Volume,75.0,75.0,1.1942675159235667,-0.8660254037844386,0.5000000000000001,5,375.0,4.1,13.64,2600
furniture2,2017-11-01,Cluster_Volume,75.0,75.0,1.0625522843402573,-0.5000000000000004,0.8660254037844384,44,3300.0,4.1,16.13272727,2600
furniture2,2017-12-01,Cluster_Volume,75.0,75.0,0.9003601440576231,-2.4492935982947064e-16,1.0,47,3525.0,4.1,17.44638298,2600
furniture2,2018-01-01,Cluster_Volume,69.9953271,75.0,1.0081166208744967,0.49999999999999994,0.8660254037844387,82,8539.4299062,4.1,17.66311475,2600
furniture2,2018-02-01,Cluster_Volume,69.9,69.9953271,1.0072046109510087,0.8660254037844386,0.5000000000000001,44,3075.6000000000004,4.1,16.11590909,2600
furniture2,2018-03-01,Cluster_Volume,69.9,69.9,1.0215031315026826,1.0,6.123233995736766e-17,65,4543.5,4.1,18.42507692,2600
furniture2,2018-04-01,Cluster_Volume,69.9,69.9,1.02392578125,0.8660254037844387,-0.4999999999999998,82,5801.700000000001,4.1,9.071566265,2600
furniture2,2018-05-01,Cluster_Volume,69.9,69.9,1.02392578125,0.49999999999999994,-0.8660254037844387,82,6430.8,4.1,3.801630435,2600
furniture2,2018-06-01,Cluster_Volume,89.9,69.9,1.1997330960854093,1.2246467991473532e-16,-1.0,2,179.8,4.1,21.93,2600
furniture2,2018-07-01,Cluster_Volume,89.9,89.9,1.3257259225169258,-0.4999999999999997,-0.8660254037844388,2,179.8,4.1,29.79,2600
furniture2,2018-08-01,Cluster_Volume,103.2333333,89.9,1.3946262381468162,-0.8660254037844385,-0.5000000000000004,3,309.69999989999997,4.1,22.3,2600
furniture3,2017-08-01,Cluster_Volume,38.4,38.4,0.758893280632411,-0.8660254037844385,-0.5000000000000004,1,38.4,3.8,11.85,950
furniture3,2017-09-01,Cluster_Volume,38.4,38.4,1.0,-1.0,-1.8369701987210297e-16,6,230.39999999999998,3.8,13.5,950
furniture3,2017-10-01,Cluster_Volume,38.4,38.4,0.758893280632411,-0.8660254037844386,0.5000000000000001,8,307.2,3.8,15.55875,950
furniture3,2017-11-01,Cluster_Volume,34.58117647,38.4,0.4899241073782941,-0.5000000000000004,0.8660254037844384,34,1175.75999998,3.8,13.75058824,950
furniture3,2017-12-01,Cluster_Volume,38.4,34.58117647,0.540084388185654,-2.4492935982947064e-16,1.0,4,153.6,3.8,11.015,950
furniture3,2018-01-01,Cluster_Volume,38.4,38.4,0.5530608948548035,0.49999999999999994,0.8660254037844387,15,576.0,3.8,14.27533333,950
furniture3,2018-02-01,Cluster_Volume,38.4,38.4,0.5533141210374639,0.8660254037844386,0.5000000000000001,4,153.6,3.8,15.61,950
furniture3,2018-03-01,Cluster_Volume,35.48571429,38.4,0.5185803758346851,1.0,6.123233995736766e-17,14,496.80000005999995,3.8,15.18928571,950
furniture3,2018-04-01,Cluster_Volume,35.0,35.48571429,0.5126953125,0.8660254037844387,-0.4999999999999998,4,140.0,3.8,15.0,950
furniture3,2018-05-01,Cluster_Volume,35.0,35.0,0.5126953125,0.49999999999999994,-0.8660254037844387,4,140.0,3.8,11.58,950
furniture3,2018-06-01,Cluster_Volume,35.0,35.0,0.4670818505338078,1.2246467991473532e-16,-1.0,2,70.0,3.8,19.32,950
furniture3,2018-08-01,Cluster_Volume,35.0,35.0,0.47283098176525284,-0.8660254037844385,-0.5000000000000004,1,35.0,3.8,19.44,950
furniture4,2017-11-01,Cluster_Volume,99.9,99.9,1.415319642741223,-0.5000000000000004,0.8660254037844384,1,99.9,4.4,21.19,2500
furniture4,2017-12-01,Cluster_Volume,99.9,99.9,1.0906113537117903,-2.4492935982947064e-16,1.0,3,299.70000000000005,4.4,20.64666667,2500
furniture4,2018-01-01,Cluster_Volume,99.9,99.9,1.4388224842706998,0.49999999999999994,0.8660254037844387,13,1298.7,4.4,22.81923077,2500
furniture4,2018-02-01,Cluster_Volume,99.9,99.9,1.4394812680115274,0.8660254037844386,0.5000000000000001,13,1298.7,4.4,28.89076923,2500
furniture4,2018-03-01,Cluster_Volume,99.9,99.9,1.4599164926626322,1.0,6.123233995736766e-17,12,1198.8000000000002,4.4,22.14583333,2500
furniture4,2018-04-01,Cluster_Volume,99.9,99.9,1.46337890625,0.8660254037844387,-0.4999999999999998,13,1298.7,4.4,23.32769231,2500
furniture4,2018-05-01,Cluster_Volume,99.9,99.9,1.46337890625,0.49999999999999994,-0.8660254037844387,13,1298.7,4.4,19.41076923,2500
furniture4,2018-06-01,Cluster_Volume,99.9,99.9,1.333185053380783,1.2246467991473532e-16,-1.0,10,999.0,4.4,25.636,2500
furniture4,2018-07-01,Cluster_Volume,78.53571429,99.9,1.1581405147679193,-0.4999999999999997,-0.8660254037844388,14,1099.50000006,4.4,23.84714286,2500
furniture4,2018-08-01,Cluster_Volume,83.83333333,78.53571429,1.1325427800879313,-0.8660254037844385,-0.5000000000000004,9,754.49999997,4.4,23.77666667,2500
garden1,2017-02-01,Cluster_Volume,99.99,99.99,1.0,0.8660254037844386,0.5000000000000001,1,99.99,4.3,28.89,5950
garden1,2017-03-01,Cluster_Volume,99.99,99.99,1.0,1.0,6.123233995736766e-17,5,499.95,4.3,31.946,5950
garden1,2017-05-01,Cluster_Volume,109.99,99.99,1.435963270812481,0.49999999999999994,-0.8660254037844387,4,439.96,4.3,32.0925,5950
garden1,2017-06-01,Cluster_Volume,109.99,109.99,1.435963270812481,1.2246467991473532e-16,-1.0,6,659.9399999999999,4.3,38.35166667,5950
garden1,2017-07-01,Cluster_Volume,120.0,109.99,2.003338898163606,-0.4999999999999997,-0.8660254037844388,1,120.0,4.3,34.2,5950
garden1,2017-08-01,Cluster_Volume,120.0,120.0,2.003338898163606,-0.8660254037844385,-0.5000000000000004,2,240.0,4.3,33.83,5950
garden1,2017-09-01,Cluster_Volume,102.5,120.0,1.7111853088480802,-1.0,-1.8369701987210297e-16,7,717.5,4.3,30.04,5950
garden1,2017-10-01,Cluster_Volume,95.29,102.5,1.5908180300500836,-0.8660254037844386,0.5000000000000001,17,1619.93,4.3,41.08941176,5950
garden1,2017-11-01,Cluster_Volume,89.99,95.29,1.6889915689546111,-0.5000000000000004,0.8660254037844384,28,2519.72,4.3,39.33678571,5950
garden1,2017-12-01,Cluster_Volume,89.99,89.99,1.623635543527289,-2.4492935982947064e-16,1.0,27,2429.73,4.3,38.4162963,5950
garden1,2018-01-01,Cluster_Volume,127.7272727,89.99,2.5596647835671344,0.49999999999999994,0.8660254037844387,11,1404.9999997,4.3,45.97,5950
garden1,2018-02-01,Cluster_Volume,120.0,127.7272727,2.3715055052410414,0.8660254037844386,0.5000000000000001,7,840.0,4.3,43.38142857,5950
garden1,2018-03-01,Cluster_Volume,110.0,120.0,2.0408163265306123,1.0,6.123233995736766e-17,6,660.0,4.3,54.53166667,5950
garden1,2018-04-01,Cluster_Volume,110.0,110.0,2.0408163265306123,0.8660254037844387,-0.4999999999999998,5,550.0,4.3,42.726,5950
garden1,2018-05-01,Cluster_Volume,110.0,110.0,2.060149240056453,0.49999999999999994,-0.8660254037844387,2,220.0,4.3,32.23,5950
garden1,2018-06-01,Cluster_Volume,89.99,110.0,1.8034068136272545,1.2246467991473532e-16,-1.0,6,539.9399999999999,4.3,48.17833333,5950
garden1,2018-07-01,Cluster_Volume,99.99,89.99,2.0036737692872886,-0.4999999999999997,-0.8660254037844388,7,699.93,4.3,43.68,5950
garden1,2018-08-01,Cluster_Volume,98.32333333,99.99,1.9702758666087767,-0.8660254037844385,-0.5000000000000004,6,589.93999998,4.3,34.08333333,5950
garden10,2017-05-01,Cluster_Volume,59.9,59.9,1.0,0.49999999999999994,-0.8660254037844387,3,179.7,4.2,26.24666667,1750
garden10,2017-06-01,Cluster_Volume,59.9,59.9,1.0,1.2246467991473532e-16,-1.0,3,179.7,4.2,16.26,1750
garden10,2017-07-01,Cluster_Volume,59.9,59.9,1.0,-0.4999999999999997,-0.8660254037844388,19,1138.1,4.2,16.11157895,1750
garden10,2017-08-01,Cluster_Volume,59.9,59.9,1.0,-0.8660254037844385,-0.5000000000000004,27,1617.3,4.2,17.68111111,1750
garden10,2017-09-01,Cluster_Volume,59.9,59.9,1.0,-1.0,-1.8369701987210297e-16,17,1018.3,4.2,16.81176471,1750
garden10,2017-10-01,Cluster_Volume,59.9,59.9,1.0,-0.8660254037844386,0.5000000000000001,31,1856.8999999999999,4.2,17.59548387,1750
garden10,2017-11-01,Cluster_Volume,53.64828125,59.9,1.0069062642533142,-0.5000000000000004,0.8660254037844384,82,4667.40046875,4.2,16.07586207,1750
garden10,2017-12-01,Cluster_Volume,55.425,53.64828125,0.9999999999999999,-2.4492935982947064e-16,1.0,32,1773.6,4.2,19.184375,1750
garden10,2018-01-01,Cluster_Volume,49.9,55.425,1.0,0.49999999999999994,0.8660254037844387,29,1447.1,4.2,15.84103448,1750
garden10,2018-02-01,Cluster_Volume,50.9,49.9,1.0059135851397418,0.8660254037844386,0.5000000000000001,36,1832.3999999999999,4.2,17.51944444,1750
garden10,2018-03-01,Cluster_Volume,53.9,50.9,1.0,1.0,6.123233995736766e-17,35,1886.5,4.2,21.85285714,1750
garden10,2018-04-01,Cluster_Volume,53.9,53.9,1.0,0.8660254037844387,-0.4999999999999998,13,700.6999999999999,4.2,19.46846154,1750
garden10,2018-05-01,Cluster_Volume,53.70952381,53.9,1.0059057696451406,0.49999999999999994,-0.8660254037844387,29,1557.57619049,4.2,13.51034483,1750
garden10,2018-06-01,Cluster_Volume,49.9,53.70952381,1.0,1.2246467991473532e-16,-1.0,6,299.4,4.2,23.25166667,1750
garden10,2018-07-01,Cluster_Volume,49.9,49.9,0.9999332041947765,-0.4999999999999997,-0.8660254037844388,14,698.6,4.2,33.28142857,1750
garden10,2018-08-01,Cluster_Volume,49.9,49.9,0.9999332041947765,-0.8660254037844385,-0.5000000000000004,10,499.0,4.2,36.442,1750
garden2,2017-04-01,Cluster_Margin,59.9,59.9,1.0,0.8660254037844387,-0.4999999999999998,5,299.5,4.3,18.652,1850
garden2,2017-05-01,Cluster_Margin,59.9,59.9,1.0,0.49999999999999994,-0.8660254037844387,2,119.8,4.3,17.67,1850
garden2,2017-06-01,Cluster_Margin,59.9,59.9,1.0,1.2246467991473532e-16,-1.0,5,299.5,4.3,15.978,1850
garden2,2017-07-01,Cluster_Margin,59.9,59.9,1.0,-0.4999999999999997,-0.8660254037844388,15,898.5,4.3,17.87866667,1850
garden2,2017-08-01,Cluster_Margin,59.9,59.9,1.0,-0.8660254037844385,-0.5000000000000004,19,1138.1,4.3,16.11157895,1850
garden2,2017-09-01,Cluster_Margin,59.9,59.9,1.0,-1.0,-1.8369701987210297e-16,34,2036.6,4.3,19.71176471,1850
garden2,2017-10-01,Cluster_Margin,59.9,59.9,1.0,-0.8660254037844386,0.5000000000000001,13,778.6999999999999,4.3,18.98153846,1850
garden2,2017-11-01,Cluster_Margin,54.45,59.9,1.021953449600829,-0.5000000000000004,0.8660254037844384,9,490.05,4.3,45.69666667,1850
garden2,2017-12-01,Cluster_Margin,49.9,54.45,0.900315741993685,-2.4492935982947064e-16,1.0,1,49.9,4.3,18.0,1850
garden2,2018-01-01,Cluster_Margin,49.9,49.9,1.0,0.49999999999999994,0.8660254037844387,1,49.9,4.3,35.86,1850
garden2,2018-02-01,Cluster_Margin,51.23333333,49.9,1.0125011003662028,0.8660254037844386,0.5000000000000001,4,204.93333332,4.3,33.525,1850
garden2,2018-03-01,Cluster_Margin,53.9,51.23333333,1.0,1.0,6.123233995736766e-17,2,107.8,4.3,62.27,1850
garden2,2018-04-01,Cluster_Margin,53.9,53.9,1.0,0.8660254037844387,-0.4999999999999998,2,107.8,4.3,33.93,1850
garden2,2018-05-01,Cluster_Margin,49.9,53.9,0.9345586098074272,0.49999999999999994,-0.8660254037844387,4,199.6,4.3,21.21,1850
garden2,2018-06-01,Cluster_Margin,49.9,49.9,1.0,1.2246467991473532e-16,-1.0,5,249.5,4.3,22.42,1850
garden2,2018-07-01,Cluster_Margin,49.9,49.9,0.9999332041947765,-0.4999999999999997,-0.8660254037844388,3,149.7,4.3,34.55,1850
garden2,2018-08-01,Cluster_Margin,49.9,49.9,0.9999332041947765,-0.8660254037844385,-0.5000000000000004,3,149.7,4.3,20.99,1850
garden3,2017-02-01,Cluster_Volume,99.99,99.99,1.0,0.8660254037844386,0.5000000000000001,1,99.99,4.1,33.0,6050
garden3,2017-03-01,Cluster_Volume,99.99,99.99,1.0,1.0,6.123233995736766e-17,11,1099.8899999999999,4.1,30.53909091,6050
garden3,2017-04-01,Cluster_Volume,96.65666667,99.99,1.0,0.8660254037844387,-0.4999999999999998,8,773.25333336,4.1,33.71,6050
garden3,2017-05-01,Cluster_Volume,109.99,96.65666667,1.435963270812481,0.49999999999999994,-0.8660254037844387,2,219.98,4.1,34.13,6050
garden3,2017-06-01,Cluster_Volume,119.99,109.99,1.501188539972476,1.2246467991473532e-16,-1.0,2,239.98,4.1,34.2,6050
garden3,2017-07-01,Cluster_Volume,120.0,119.99,2.003338898163606,-0.4999999999999997,-0.8660254037844388,2,240.0,4.1,36.28,6050
garden3,2017-09-01,Cluster_Volume,104.25,120.0,1.7404006677796329,-1.0,-1.8369701987210297e-16,4,417.0,4.1,33.09,6050
garden3,2017-10-01,Cluster_Volume,92.594,104.25,1.5458096828046743,-0.8660254037844386,0.5000000000000001,12,1111.128,4.1,30.83416667,6050
garden3,2017-11-01,Cluster_Volume,89.99,92.594,1.6889915689546111,-0.5000000000000004,0.8660254037844384,21,1889.79,4.1,47.52571429,6050
garden3,2017-12-01,Cluster_Volume,89.99,89.99,1.623635543527289,-2.4492935982947064e-16,1.0,14,1259.86,4.1,42.60714286,6050
garden3,2018-01-01,Cluster_Volume,123.3316667,89.99,2.471576486973948,0.49999999999999994,0.8660254037844387,12,1479.9800003999999,4.1,39.19416667,6050
garden3,2018-02-01,Cluster_Volume,120.0,123.3316667,2.3715055052410414,0.8660254037844386,0.5000000000000001,14,1680.0,4.1,33.00214286,6050
garden3,2018-03-01,Cluster_Volume,113.3333333,120.0,2.1026592448979593,1.0,6.123233995736766e-17,6,679.9999998000001,4.1,50.19333333,6050
garden3,2018-04-01,Cluster_Volume,110.0,113.3333333,2.0408163265306123,0.8660254037844387,-0.4999999999999998,7,770.0,4.1,42.21142857,6050
garden3,2018-05-01,Cluster_Volume,110.0,110.0,2.060149240056453,0.49999999999999994,-0.8660254037844387,8,880.0,4.1,39.37125,6050
garden3,2018-06-01,Cluster_Volume,96.65666667,110.0,1.9370073480961927,1.2246467991473532e-16,-1.0,10,966.5666667,4.1,41.186,6050
garden3,2018-07-01,Cluster_Volume,99.99,96.65666667,2.0036737692872886,-0.4999999999999997,-0.8660254037844388,5,499.95,4.1,44.232,6050
garden3,2018-08-01,Cluster_Volume,99.99,99.99,2.0036737692872886,-0.8660254037844385,-0.5000000000000004,2,199.98,4.1,47.745,6050
garden4,2017-07-01,Cluster_Margin,59.9,59.9,1.0,-0.4999999999999997,-0.8660254037844388,13,778.6999999999999,4.1,15.39230769,1650
garden4,2017-08-01,Cluster_Margin,59.9,59.9,1.0,-0.8660254037844385,-0.5000000000000004,23,1377.7,4.1,18.05043478,1650
garden4,2017-09-01,Cluster_Margin,59.9,59.9,1.0,-1.0,-1.8369701987210297e-16,13,778.6999999999999,4.1,16.29461538,1650
garden4,2017-10-01,Cluster_Margin,59.9,59.9,1.0,-0.8660254037844386,0.5000000000000001,36,2156.4,4.1,16.81416667,1650
garden4,2017-11-01,Cluster_Margin,53.78571429,59.9,1.0094856980332432,-0.5000000000000004,0.8660254037844384,69,3711.2142860100003,4.1,18.27550725,1650
garden4,2017-12-01,Cluster_Margin,55.75,53.78571429,1.0058637798827244,-2.4492935982947064e-16,1.0,44,2453.0,4.1,17.26727273,1650
garden4,2018-01-01,Cluster_Margin,49.9,55.75,1.0,0.49999999999999994,0.8660254037844387,39,1946.1,4.1,16.50512821,1650
garden4,2018-02-01,Cluster_Margin,50.35714286,49.9,0.9951853460058301,0.8660254037844386,0.5000000000000001,48,2417.14285728,4.1,18.281875,1650
garden4,2018-03-01,Cluster_Margin,53.9,50.35714286,1.0,1.0,6.123233995736766e-17,26,1401.3999999999999,4.1,19.02423077,1650
garden4,2018-04-01,Cluster_Margin,53.9,53.9,1.0,0.8660254037844387,-0.4999999999999998,28,1509.2,4.1,19.07142857,1650
garden4,2018-05-01,Cluster_Margin,53.05789474,53.9,0.9937016502509661,0.49999999999999994,-0.8660254037844387,25,1326.4473685,4.1,12.98,1650
garden4,2018-06-01,Cluster_Margin,49.9,53.05789474,1.0,1.2246467991473532e-16,-1.0,15,748.5,4.1,22.87866667,1650
garden4,2018-07-01,Cluster_Margin,49.9,49.9,0.9999332041947765,-0.4999999999999997,-0.8660254037844388,3,149.7,4.1,20.99,1650
garden4,2018-08-01,Cluster_Margin,49.9,49.9,0.9999332041947765,-0.8660254037844385,-0.5000000000000004,6,299.4,4.1,32.32,1650
garden5,2017-03-01,Cluster_Margin,69.9,69.9,1.0,1.0,6.123233995736766e-17,6,419.40000000000003,4.1,32.68,9000
garden5,2017-04-01,Cluster_Margin,82.63333333,69.9,1.0,0.8660254037844387,-0.4999999999999998,3,247.89999999,4.1,34.21666667,9000
garden5,2017-05-01,Cluster_Margin,97.58823529,82.63333333,1.3467366597803527,0.49999999999999994,-0.8660254037844387,20,1951.7647058,4.1,39.8975,9000
garden5,2017-06-01,Cluster_Margin,89.0,97.58823529,1.2787356321839078,1.2246467991473532e-16,-1.0,8,712.0,4.1,40.80125,9000
garden5,2017-07-01,Cluster_Margin,89.0,89.0,1.4858096828046745,-0.4999999999999997,-0.8660254037844388,10,890.0,4.1,39.156,9000
garden5,2017-08-01,Cluster_Margin,97.33333333,89.0,1.6249304395659434,-0.8660254037844385,-0.5000000000000004,7,681.3333333100001,4.1,39.5,9000
garden5,2017-09-01,Cluster_Margin,99.0,97.33333333,1.652754590984975,-1.0,-1.8369701987210297e-16,9,891.0,4.1,39.01888889,9000
garden5,2017-10-01,Cluster_Margin,99.0,99.0,1.652754590984975,-0.8660254037844386,0.5000000000000001,14,1386.0,4.1,45.77642857,9000
garden5,2017-11-01,Cluster_Margin,99.0,99.0,1.858097181092416,-0.5000000000000004,0.8660254037844384,17,1683.0,4.1,32.86352941,9000
garden5,2017-12-01,Cluster_Margin,99.0,99.0,1.7861975642760486,-2.4492935982947064e-16,1.0,11,1089.0,4.1,38.05545455,9000
garden5,2018-01-01,Cluster_Margin,99.5,99.0,1.993987975951904,0.49999999999999994,0.8660254037844387,4,398.0,4.1,41.54,9000
garden5,2018-02-01,Cluster_Margin,101.0,99.5,1.9960171335778767,0.8660254037844386,0.5000000000000001,2,202.0,4.1,43.555,9000
garden5,2018-03-01,Cluster_Margin,101.0,101.0,1.8738404452690167,1.0,6.123233995736766e-17,1,101.0,4.1,67.02,9000
garden5,2018-04-01,Cluster_Margin,101.0,101.0,1.8738404452690167,0.8660254037844387,-0.4999999999999998,1,101.0,4.1,79.76,9000
garden6,2017-05-01,Cluster_Margin,59.9,59.9,1.0,0.49999999999999994,-0.8660254037844387,4,239.6,4.1,19.7325,1550
garden6,2017-06-01,Cluster_Margin,59.9,59.9,1.0,1.2246467991473532e-16,-1.0,1,59.9,4.1,17.67,1550
garden6,2017-07-01,Cluster_Margin,59.9,59.9,1.0,-0.4999999999999997,-0.8660254037844388,14,838.6,4.1,16.62642857,1550
garden6,2017-08-01,Cluster_Margin,59.9,59.9,1.0,-0.8660254037844385,-0.5000000000000004,39,2336.1,4.1,18.16230769,1550
garden6,2017-09-01,Cluster_Margin,59.9,59.9,1.0,-1.0,-1.8369701987210297e-16,37,2216.2999999999997,4.1,17.18702703,1550
garden6,2017-10-01,Cluster_Margin,59.9,59.9,1.0,-0.8660254037844386,0.5000000000000001,39,2336.1,4.1,18.06589744,1550
garden6,2017-11-01,Cluster_Margin,52.40694444,59.9,0.983608037713443,-0.5000000000000004,0.8660254037844384,82,4769.03194404,4.1,17.06747253,1550
garden6,2017-12-01,Cluster_Margin,55.1,52.40694444,0.9941362201172755,-2.4492935982947064e-16,1.0,51,2810.1,4.1,15.75960784,1550
garden6,2018-01-01,Cluster_Margin,49.9,55.1,1.0,0.49999999999999994,0.8660254037844387,12,598.8,4.1,19.495,1550
garden6,2018-02-01,Cluster_Margin,50.54516129,49.9,0.9989010688544283,0.8660254037844386,0.5000000000000001,39,1971.26129031,4.1,16.61153846,1550
garden6,2018-03-01,Cluster_Margin,53.9,50.54516129,1.0,1.0,6.123233995736766e-17,31,1670.8999999999999,4.1,20.35967742,1550
garden6,2018-04-01,Cluster_Margin,53.9,53.9,1.0,0.8660254037844387,-0.4999999999999998,46,2479.4,4.1,5.28173913,1550
garden6,2018-05-01,Cluster_Margin,53.41515152,53.9,1.0003925801038935,0.49999999999999994,-0.8660254037844387,56,2991.24848512,4.1,10.75303571,1550
garden6,2018-06-01,Cluster_Margin,49.9,53.41515152,1.0,1.2246467991473532e-16,-1.0,12,598.8,4.1,19.89083333,1550
garden6,2018-07-01,Cluster_Margin,49.91,49.9,1.0001335916104468,-0.4999999999999997,-0.8660254037844388,6,299.46,4.1,28.37333333,1550
garden6,2018-08-01,Cluster_Margin,49.91,49.91,1.0001335916104468,-0.8660254037844385,-0.5000000000000004,6,299.46,4.1,20.32833333,1550
garden7,2017-04-01,Cluster_Volume,59.9,59.9,1.0,0.8660254037844387,-0.4999999999999998,1,59.9,4.2,17.16,1800
garden7,2017-05-01,Cluster_Volume,59.9,59.9,1.0,0.49999999999999994,-0.8660254037844387,1,59.9,4.2,13.44,1800
garden7,2017-07-01,Cluster_Volume,59.9,59.9,1.0,-0.4999999999999997,-0.8660254037844388,4,239.6,4.2,17.67,1800
garden7,2017-08-01,Cluster_Volume,59.9,59.9,1.0,-0.8660254037844385,-0.5000000000000004,6,359.4,4.2,16.26,1800
garden7,2017-09-01,Cluster_Volume,59.9,59.9,1.0,-1.0,-1.8369701987210297e-16,5,299.5,4.2,16.782,1800
garden7,2017-10-01,Cluster_Volume,59.9,59.9,1.0,-0.8660254037844386,0.5000000000000001,11,658.9,4.2,14.80727273,1800
garden7,2017-11-01,Cluster_Volume,51.32222222,59.9,0.963249256912935,-0.5000000000000004,0.8660254037844384,20,1026.4444444,4.2,16.016,1800
garden7,2017-12-01,Cluster_Volume,56.97777778,51.32222222,1.0280158372575552,-2.4492935982947064e-16,1.0,10,569.7777778,4.2,18.103,1800
garden7,2018-01-01,Cluster_Volume,49.9,56.97777778,1.0,0.49999999999999994,0.8660254037844387,11,548.9,4.2,21.98272727,1800
garden7,2018-02-01,Cluster_Volume,51.4,49.9,1.015794858078246,0.8660254037844386,0.5000000000000001,8,411.2,4.2,14.08375,1800
garden7,2018-03-01,Cluster_Volume,53.9,51.4,1.0,1.0,6.123233995736766e-17,3,161.7,4.2,21.35,1800
garden7,2018-04-01,Cluster_Volume,53.9,53.9,1.0,0.8660254037844387,-0.4999999999999998,8,431.2,4.2,19.56375,1800
garden7,2018-05-01,Cluster_Volume,52.9,53.9,0.9907444981726032,0.49999999999999994,-0.8660254037844387,9,476.09999999999997,4.2,16.46,1800
garden7,2018-06-01,Cluster_Volume,49.9,52.9,1.0,1.2246467991473532e-16,-1.0,5,249.5,4.2,23.122,1800
garden7,2018-07-01,Cluster_Volume,49.9,49.9,0.9999332041947765,-0.4999999999999997,-0.8660254037844388,6,299.4,4.2,20.99,1800
garden7,2018-08-01,Cluster_Volume,49.9,49.9,0.9999332041947765,-0.8660254037844385,-0.5000000000000004,7,349.3,4.2,24.48142857,1800
garden8,2017-02-01,Cluster_Margin,179.99,179.99,1.0,0.8660254037844386,0.5000000000000001,1,179.99,4.2,33.54,7650
garden8,2017-04-01,Cluster_Margin,179.99,179.99,1.0,0.8660254037844387,-0.4999999999999998,3,539.97,4.2,36.64333333,7650
garden8,2017-09-01,Cluster_Margin,179.99,179.99,3.0048414023372287,-1.0,-1.8369701987210297e-16,2,359.98,4.2,26.88,7650
garden8,2017-10-01,Cluster_Margin,179.99,179.99,3.0048414023372287,-0.8660254037844386,0.5000000000000001,6,1079.94,4.2,36.75666667,7650
garden8,2017-11-01,Cluster_Margin,179.99,179.99,3.3781708244931714,-0.5000000000000004,0.8660254037844384,13,2339.87,4.2,43.14153846,7650
garden8,2017-12-01,Cluster_Margin,183.99,179.99,3.319621109607578,-2.4492935982947064e-16,1.0,15,2759.8500000000004,4.2,47.594,7650
garden8,2018-01-01,Cluster_Margin,187.8542857,183.99,3.7646149438877754,0.49999999999999994,0.8660254037844387,14,2629.9599998,4.2,38.53785714,7650
garden8,2018-02-01,Cluster_Margin,179.0,187.8542857,3.537495711984554,0.8660254037844386,0.5000000000000001,12,2148.0,4.2,47.82583333,7650
garden8,2018-03-01,Cluster_Margin,175.1538462,179.0,3.249607536178108,1.0,6.123233995736766e-17,13,2277.0000006,4.2,57.29846154,7650
garden8,2018-04-01,Cluster_Margin,179.0,175.1538462,3.320964749536178,0.8660254037844387,-0.4999999999999998,11,1969.0,4.2,28.63272727,7650
garden8,2018-05-01,Cluster_Margin,179.0,179.0,3.3524246724555007,0.49999999999999994,-0.8660254037844387,3,537.0,4.2,24.37,7650
garden8,2018-06-01,Cluster_Margin,159.0,179.0,3.1863727454909823,1.2246467991473532e-16,-1.0,10,1590.0,4.2,54.763,7650
garden8,2018-07-01,Cluster_Margin,139.0,159.0,2.785385077817113,-0.4999999999999997,-0.8660254037844388,8,1112.0,4.2,48.62875,7650
garden8,2018-08-01,Cluster_Margin,139.0,139.0,2.785385077817113,-0.8660254037844385,-0.5000000000000004,7,973.0,4.2,73.59,7650
garden9,2017-04-01,Cluster_Volume,59.9,59.9,1.0,0.8660254037844387,-0.4999999999999998,3,179.7,4.0,18.39333333,1500
garden9,2017-05-01,Cluster_Volume,59.9,59.9,1.0,0.49999999999999994,-0.8660254037844387,7,419.3,4.0,15.79428571,1500
garden9,2017-06-01,Cluster_Volume,59.9,59.9,1.0,1.2246467991473532e-16,-1.0,4,239.6,4.0,16.6125,1500
garden9,2017-07-01,Cluster_Volume,59.9,59.9,1.0,-0.4999999999999997,-0.8660254037844388,19,1138.1,4.0,16.03052632,1500
garden9,2017-08-01,Cluster_Volume,59.9,59.9,1.0,-0.8660254037844385,-0.5000000000000004,21,1257.8999999999999,4.0,18.83142857,1500
garden9,2017-09-01,Cluster_Volume,59.9,59.9,1.0,-1.0,-1.8369701987210297e-16,23,1377.7,4.0,18.64347826,1500
garden9,2017-10-01,Cluster_Volume,59.9,59.9,1.0,-0.8660254037844386,0.5000000000000001,19,1138.1,4.0,17.73052632,1500
garden9,2017-11-01,Cluster_Volume,53.37910448,59.9,1.001854177409349,-0.5000000000000004,0.8660254037844384,82,4377.08656736,4.0,17.80780488,1500
garden9,2017-12-01,Cluster_Volume,55.77096774,53.37910448,1.0062420882273342,-2.4492935982947064e-16,1.0,40,2230.8387096,4.0,17.5175,1500
garden9,2018-01-01,Cluster_Volume,49.9,55.77096774,1.0,0.49999999999999994,0.8660254037844387,25,1247.5,4.0,17.7532,1500
garden9,2018-02-01,Cluster_Volume,51.025,49.9,1.0083839033743678,0.8660254037844386,0.5000000000000001,44,2245.1,4.0,16.28340909,1500
garden9,2018-03-01,Cluster_Volume,53.9,51.025,1.0,1.0,6.123233995736766e-17,25,1347.5,4.0,19.2648,1500
garden9,2018-04-01,Cluster_Volume,53.9,53.9,1.0,0.8660254037844387,-0.4999999999999998,20,1078.0,4.0,20.563,1500
garden9,2018-05-01,Cluster_Volume,52.56666667,53.9,0.9845016217500124,0.49999999999999994,-0.8660254037844387,17,893.63333339,4.0,14.38823529,1500
garden9,2018-06-01,Cluster_Volume,49.9,52.56666667,1.0,1.2246467991473532e-16,-1.0,8,399.2,4.0,29.78625,1500
garden9,2018-07-01,Cluster_Volume,49.9,49.9,0.9999332041947765,-0.4999999999999997,-0.8660254037844388,9,449.09999999999997,4.0,27.77,1500
garden9,2018-08-01,Cluster_Volume,49.9,49.9,0.9999332041947765,-0.8660254037844385,-0.5000000000000004,7,349.3,4.0,33.74,1500
health1,2017-08-01,Cluster_Margin,84.99,84.99,1.4791381529109169,-0.8660254037844385,-0.5000000000000004,3,254.96999999999997,3.8,15.57,600
health1,2017-09-01,Cluster_Margin,84.99,84.99,1.474070648089264,-1.0,-1.8369701987210297e-16,4,339.96,3.8,15.6,600
health1,2017-10-01,Cluster_Margin,84.99,84.99,1.474070648089264,-0.8660254037844386,0.5000000000000001,3,254.96999999999997,3.8,19.61,600
health1,2017-11-01,Cluster_Margin,84.99,84.99,1.474070648089264,-0.5000000000000004,0.8660254037844384,36,3059.64,3.8,17.40833333,600
health1,2017-12-01,Cluster_Margin,84.99,84.99,1.474070648089264,-2.4492935982947064e-16,1.0,50,4249.5,3.8,16.2446,600
health1,2018-01-01,Cluster_Margin,84.99,84.99,1.474070648089264,0.49999999999999994,0.8660254037844387,13,1104.87,3.8,15.99615385,600
health1,2018-02-01,Cluster_Margin,84.99,84.99,1.474070648089264,0.8660254037844386,0.5000000000000001,7,594.93,3.8,15.86714286,600
health1,2018-03-01,Cluster_Margin,84.99,84.99,1.5293306142034548,1.0,6.123233995736766e-17,4,339.96,3.8,16.375,600
health1,2018-06-01,Cluster_Margin,84.99,84.99,1.5645210774989262,1.2246467991473532e-16,-1.0,2,169.98,3.8,22.08,600
health10,2018-02-01,Cluster_Volume,47.35789474,47.35789474,0.8213776043244493,0.8660254037844386,0.5000000000000001,21,994.51578954,4.2,10.20047619,1110
health10,2018-03-01,Cluster_Volume,48.45944444,47.35789474,0.8719909628119002,1.0,6.123233995736766e-17,58,2810.64777752,4.2,12.56344828,1110
health10,2018-04-01,Cluster_Volume,53.70176471,48.45944444,0.8361211263166244,0.8660254037844387,-0.4999999999999998,18,966.63176478,4.2,13.16055556,1110
health10,2018-05-01,Cluster_Volume,52.06928571,53.70176471,0.9585068241394122,0.49999999999999994,-0.8660254037844387,33,1718.2864284300001,4.2,10.63121212,1110
health10,2018-06-01,Cluster_Volume,49.98,52.06928571,0.9200466343498803,1.2246467991473532e-16,-1.0,9,449.82,4.2,12.91,1110
health10,2018-07-01,Cluster_Volume,51.512,49.98,0.9482481438301529,-0.4999999999999997,-0.8660254037844388,5,257.56,4.2,14.368,1110
health10,2018-08-01,Cluster_Volume,50.71,51.512,0.9175433608267856,-0.8660254037844385,-0.5000000000000004,11,557.8100000000001,4.2,9.312727273,1110
health2,2017-08-01,Cluster_Margin,325.0,325.0,5.656193666267185,-0.8660254037844385,-0.5000000000000004,6,1950.0,4.2,21.075,400
health2,2017-09-01,Cluster_Margin,325.0,325.0,5.6368156327686885,-1.0,-1.8369701987210297e-16,11,3575.0,4.2,19.52363636,400
health2,2017-10-01,Cluster_Margin,325.0,325.0,5.6368156327686885,-0.8660254037844386,0.5000000000000001,2,650.0,4.2,19.545,400
health2,2017-11-01,Cluster_Margin,325.0,325.0,5.6368156327686885,-0.5000000000000004,0.8660254037844384,12,3900.0,4.2,16.99416667,400
health2,2017-12-01,Cluster_Margin,325.0,325.0,5.6368156327686885,-2.4492935982947064e-16,1.0,6,1950.0,4.2,17.58333333,400
health2,2018-01-01,Cluster_Margin,325.0,325.0,5.6368156327686885,0.49999999999999994,0.8660254037844387,10,3250.0,4.2,19.824,400
health2,2018-02-01,Cluster_Margin,325.0,325.0,5.6368156327686885,0.8660254037844386,0.5000000000000001,23,7475.0,4.2,15.63782609,400
health2,2018-03-01,Cluster_Margin,325.8928571,325.0,5.864194885436661,1.0,6.123233995736766e-17,28,9124.9999988,4.2,19.37035714,400
health2,2018-04-01,Cluster_Margin,330.0,325.8928571,2.1109642202226104,0.8660254037844387,-0.4999999999999998,21,6930.0,4.2,17.30904762,400
health2,2018-05-01,Cluster_Margin,330.0,330.0,6.074737681781923,0.49999999999999994,-0.8660254037844387,19,6270.0,4.2,15.74789474,400
health2,2018-06-01,Cluster_Margin,330.0,330.0,6.074737681781923,1.2246467991473532e-16,-1.0,16,5280.0,4.2,20.29875,400
health2,2018-07-01,Cluster_Margin,330.0,330.0,6.074737681781923,-0.4999999999999997,-0.8660254037844388,13,4290.0,4.2,28.42,400
health2,2018-08-01,Cluster_Margin,330.0,330.0,5.970998009718778,-0.8660254037844385,-0.5000000000000004,28,9240.0,4.2,20.50535714,400
health3,2018-01-01,Cluster_Margin,110.99,110.99,1.925015898710759,0.49999999999999994,0.8660254037844387,1,110.99,4.1,44.63,700
health3,2018-02-01,Cluster_Margin,110.99,110.99,1.925015898710759,0.8660254037844386,0.5000000000000001,2,221.98,4.1,20.55,700
health3,2018-03-01,Cluster_Margin,110.99,110.99,1.9971809021113245,1.0,6.123233995736766e-17,9,998.91,4.1,38.19222222,700
health3,2018-04-01,Cluster_Margin,116.5284615,110.99,1.3681949413640064,0.8660254037844387,-0.4999999999999998,13,1514.8699995000002,4.1,37.09153846,700
health3,2018-05-01,Cluster_Margin,119.99,116.5284615,2.208811437687918,0.49999999999999994,-0.8660254037844387,23,2759.77,4.1,31.5826087,700
health3,2018-06-01,Cluster_Margin,122.99,119.99,2.2640363257041174,1.2246467991473532e-16,-1.0,43,5288.57,4.1,35.51837209,700
health3,2018-07-01,Cluster_Margin,122.99,122.99,2.2640363257041174,-0.4999999999999997,-0.8660254037844388,33,4058.6699999999996,4.1,33.01,700
health3,2018-08-01,Cluster_Margin,122.99,122.99,2.2253728642888255,-0.8660254037844385,-0.5000000000000004,32,3935.68,4.1,36.941875,700
health4,2017-10-01,Cluster_Margin,29.9,29.9,0.5185870382147193,-0.8660254037844386,0.5000000000000001,1,29.9,4.5,11.85,250
health4,2017-11-01,Cluster_Margin,29.9,29.9,0.5185870382147193,-0.5000000000000004,0.8660254037844384,6,179.39999999999998,4.5,12.51,250
health4,2017-12-01,Cluster_Margin,29.9,29.9,0.5185870382147193,-2.4492935982947064e-16,1.0,6,179.39999999999998,4.5,10.115,250
health4,2018-01-01,Cluster_Margin,29.9,29.9,0.5185870382147193,0.49999999999999994,0.8660254037844387,15,448.5,4.5,9.551333333,250
health4,2018-02-01,Cluster_Margin,29.9,29.9,0.5185870382147193,0.8660254037844386,0.5000000000000001,16,478.4,4.5,10.09125,250
health4,2018-03-01,Cluster_Margin,29.9,29.9,0.53802783109405,1.0,6.123233995736766e-17,11,328.9,4.5,11.43454545,250
health4,2018-04-01,Cluster_Margin,29.9,29.9,0.5311463761250592,0.8660254037844387,-0.4999999999999998,22,657.8,4.5,10.10318182,250
health4,2018-05-01,Cluster_Margin,29.9,29.9,0.550408050561453,0.49999999999999994,-0.8660254037844387,22,657.8,4.5,9.772727273,250
health4,2018-06-01,Cluster_Margin,29.9,29.9,0.550408050561453,1.2246467991473532e-16,-1.0,7,209.29999999999998,4.5,11.50285714,250
health4,2018-07-01,Cluster_Margin,29.9,29.9,0.550408050561453,-0.4999999999999997,-0.8660254037844388,18,538.1999999999999,4.5,9.365555556,250
health4,2018-08-01,Cluster_Margin,29.9,29.9,0.5410086075472468,-0.8660254037844385,-0.5000000000000004,13,388.7,4.5,9.553076923,250
health5,2017-01-01,Cluster_Volume,349.9,349.9,1.3725336366845802,0.49999999999999994,0.8660254037844387,8,2799.2,4.3,22.90125,900
health5,2017-02-01,Cluster_Volume,349.9,349.9,2.4137693156732887,0.8660254037844386,0.5000000000000001,4,1399.6,4.3,26.9275,900
health5,2017-03-01,Cluster_Volume,349.9,349.9,5.999314168143111,1.0,6.123233995736766e-17,2,699.8,4.3,21.275,900
health5,2017-04-01,Cluster_Volume,349.9,349.9,2.4137693156732887,0.8660254037844387,-0.4999999999999998,1,349.9,4.3,19.29,900
health5,2017-05-01,Cluster_Volume,349.9,349.9,5.999314168143111,0.49999999999999994,-0.8660254037844387,4,1399.6,4.3,26.73,900
health5,2017-06-01,Cluster_Volume,349.9,349.9,6.219356331290978,1.2246467991473532e-16,-1.0,2,699.8,4.3,24.505,900
health5,2017-07-01,Cluster_Volume,349.9,349.9,6.202556577451645,-0.4999999999999997,-0.8660254037844388,1,349.9,4.3,29.3,900
health5,2017-08-01,Cluster_Volume,349.9,349.9,6.0895451194673464,-0.8660254037844385,-0.5000000000000004,7,2449.2999999999997,4.3,29.94714286,900
health5,2017-09-01,Cluster_Volume,349.9,349.9,6.0686824304792735,-1.0,-1.8369701987210297e-16,7,2449.2999999999997,4.3,26.58285714,900
health5,2017-10-01,Cluster_Volume,349.9,349.9,6.0686824304792735,-0.8660254037844386,0.5000000000000001,10,3499.0,4.3,22.84,900
health5,2017-11-01,Cluster_Volume,322.1363636,349.9,5.58714858530381,-0.5000000000000004,0.8660254037844384,11,3543.4999995999997,4.3,20.47818182,900
health5,2017-12-01,Cluster_Volume,349.9,322.1363636,6.0686824304792735,-2.4492935982947064e-16,1.0,7,2449.2999999999997,4.3,29.09285714,900
health5,2018-01-01,Cluster_Volume,349.9,349.9,6.0686824304792735,0.49999999999999994,0.8660254037844387,12,4198.799999999999,4.3,28.41416667,900
health5,2018-02-01,Cluster_Volume,349.9,349.9,6.0686824304792735,0.8660254037844386,0.5000000000000001,15,5248.5,4.3,23.20533333,900
health5,2018-03-01,Cluster_Volume,349.9,349.9,6.296185220729367,1.0,6.123233995736766e-17,17,5948.299999999999,4.3,29.6,900
health5,2018-04-01,Cluster_Volume,349.9,349.9,2.147152675503191,0.8660254037844387,-0.4999999999999998,7,2449.2999999999997,4.3,25.64142857,900
health5,2018-05-01,Cluster_Volume,349.9,349.9,6.441062772289379,0.49999999999999994,-0.8660254037844387,10,3522.5,4.3,38.57,900
health5,2018-06-01,Cluster_Volume,349.9,349.9,6.441062772289379,1.2246467991473532e-16,-1.0,11,4004.0,4.3,32.69727273,900
health5,2018-07-01,Cluster_Volume,349.9,349.9,6.441062772289379,-0.4999999999999997,-0.8660254037844388,11,4004.0,4.3,36.24636364,900
health5,2018-08-01,Cluster_Volume,349.9,349.9,6.331067283638182,-0.8660254037844385,-0.5000000000000004,9,3276.0,4.3,28.55111111,900
health6,2018-01-01,Cluster_Margin,61.99,61.99,1.0751575417702492,0.49999999999999994,0.8660254037844387,3,185.97,3.9,24.05,350
health6,2018-03-01,Cluster_Margin,61.99,61.99,1.1154630518234165,1.0,6.123233995736766e-17,13,805.87,3.9,28.61461538,350
health6,2018-04-01,Cluster_Margin,64.99,61.99,0.9558758640976615,0.8660254037844387,-0.4999999999999998,15,974.8499999999999,3.9,25.346,350
health6,2018-05-01,Cluster_Margin,64.99,64.99,1.1963551573909308,0.49999999999999994,-0.8660254037844387,38,2469.62,3.9,24.77447368,350
health6,2018-06-01,Cluster_Margin,66.99,64.99,1.2331717494017302,1.2246467991473532e-16,-1.0,26,1741.7399999999998,3.9,30.24153846,350
health6,2018-07-01,Cluster_Margin,66.99,66.99,1.2331717494017302,-0.4999999999999997,-0.8660254037844388,27,1808.7299999999998,3.9,25.90074074,350
health6,2018-08-01,Cluster_Margin,66.99,66.99,1.2121125959729118,-0.8660254037844385,-0.5000000000000004,28,1875.7199999999998,3.9,23.52821429,350
health7,2017-01-01,Cluster_Volume,64.99,64.99,1.0,0.49999999999999994,0.8660254037844387,1,64.99,3.9,11.06,200
health7,2017-02-01,Cluster_Volume,64.99,64.99,1.3000600120024006,0.8660254037844386,0.5000000000000001,5,324.95,3.9,15.348,200
health7,2017-03-01,Cluster_Volume,64.99,64.99,1.1143053094816255,1.0,6.123233995736766e-17,9,584.91,3.9,17.26222222,200
health7,2017-04-01,Cluster_Volume,64.99,64.99,1.3000600120024006,0.8660254037844387,-0.4999999999999998,9,584.91,3.9,15.16888889,200
health7,2017-05-01,Cluster_Volume,64.99,64.99,1.1143053094816255,0.49999999999999994,-0.8660254037844387,16,1039.84,3.9,14.811875,200
health7,2017-06-01,Cluster_Volume,58.79952381,64.99,1.0451420139600403,1.2246467991473532e-16,-1.0,21,1234.7900000099999,3.9,13.90333333,200
health7,2017-07-01,Cluster_Volume,59.25666667,58.79952381,1.0504224853154278,-0.4999999999999997,-0.8660254037844388,15,888.8500000500001,3.9,17.998,200
health7,2017-08-01,Cluster_Volume,58.99,59.25666667,1.0266426596095422,-0.8660254037844385,-0.5000000000000004,22,1297.78,3.9,16.24090909,200
health7,2017-09-01,Cluster_Volume,58.99,58.99,1.023125397467769,-1.0,-1.8369701987210297e-16,25,1474.75,3.9,15.6392,200
health7,2017-10-01,Cluster_Volume,58.99,58.99,1.023125397467769,-0.8660254037844386,0.5000000000000001,19,1120.81,3.9,19.06526316,200
health7,2017-11-01,Cluster_Volume,58.99,58.99,1.023125397467769,-0.5000000000000004,0.8660254037844384,24,1415.76,3.9,15.71166667,200
health7,2017-12-01,Cluster_Volume,58.99,58.99,1.023125397467769,-2.4492935982947064e-16,1.0,9,530.91,3.9,16.33222222,200
health7,2018-01-01,Cluster_Volume,58.99,58.99,1.023125397467769,0.49999999999999994,0.8660254037844387,6,353.94,3.9,22.67833333,200
health7,2018-02-01,Cluster_Volume,58.99,58.99,1.023125397467769,0.8660254037844386,0.5000000000000001,14,825.86,3.9,19.575,200
health7,2018-03-01,Cluster_Volume,58.99,58.99,1.0614803262955854,1.0,6.123233995736766e-17,10,589.9,3.9,15.228,200
health7,2018-04-01,Cluster_Volume,58.99,58.99,0.8939233217154116,0.8660254037844387,-0.4999999999999998,11,648.89,3.9,16.30272727,200
health7,2018-05-01,Cluster_Volume,58.99,58.99,1.0859053813585324,0.49999999999999994,-0.8660254037844387,4,235.96,3.9,9.4225,200
health7,2018-06-01,Cluster_Volume,58.99,58.99,1.0859053813585324,1.2246467991473532e-16,-1.0,6,353.94,3.9,16.43,200
health7,2018-07-01,Cluster_Volume,58.99,58.99,1.0859053813585324,-0.4999999999999997,-0.8660254037844388,2,117.98,3.9,7.67,200
health7,2018-08-01,Cluster_Volume,58.99,58.99,1.0673611290706386,-0.8660254037844385,-0.5000000000000004,3,176.97,3.9,12.08333333,200
health8,2017-03-01,Cluster_Margin,89.99,89.99,1.542950220037721,1.0,6.123233995736766e-17,6,539.9399999999999,4.1,13.02,250
health8,2017-05-01,Cluster_Margin,89.99,89.99,1.542950220037721,0.49999999999999994,-0.8660254037844387,6,539.9399999999999,4.1,16.09833333,250
health8,2017-06-01,Cluster_Margin,89.99,89.99,1.599542372829023,1.2246467991473532e-16,-1.0,9,809.91,4.1,14.16333333,250
health8,2017-07-01,Cluster_Margin,89.99,89.99,1.5952216816372493,-0.4999999999999997,-0.8660254037844388,17,1529.83,4.1,12.11882353,250
health8,2017-08-01,Cluster_Margin,89.99,89.99,1.566156517007335,-0.8660254037844385,-0.5000000000000004,18,1619.82,4.1,13.41055556,250
health8,2017-09-01,Cluster_Margin,89.99,89.99,1.5607908885933977,-1.0,-1.8369701987210297e-16,21,1889.79,4.1,13.96428571,250
health8,2017-10-01,Cluster_Margin,89.99,89.99,1.5607908885933977,-0.8660254037844386,0.5000000000000001,24,2159.7599999999998,4.1,16.56291667,250
health8,2017-11-01,Cluster_Margin,89.99,89.99,1.5607908885933977,-0.5000000000000004,0.8660254037844384,26,2339.74,4.1,16.99038462,250
health8,2017-12-01,Cluster_Margin,89.99,89.99,1.5607908885933977,-2.4492935982947064e-16,1.0,19,1709.81,4.1,15.89473684,250
health8,2018-01-01,Cluster_Margin,89.99,89.99,1.5607908885933977,0.49999999999999994,0.8660254037844387,20,1799.8,4.1,14.811,250
health8,2018-02-01,Cluster_Margin,89.99,89.99,1.5607908885933977,0.8660254037844386,0.5000000000000001,17,1529.83,4.1,16.30764706,250
health8,2018-03-01,Cluster_Margin,83.74,89.99,1.506837811900192,1.0,6.123233995736766e-17,16,1339.84,4.1,11.876875,250
health8,2018-04-01,Cluster_Margin,79.99,83.74,1.095903548431292,0.8660254037844387,-0.4999999999999998,14,1119.86,4.1,14.485,250
health8,2018-05-01,Cluster_Margin,79.99,79.99,1.4724795974719274,0.49999999999999994,-0.8660254037844387,16,1279.84,4.1,21.943125,250
health8,2018-06-01,Cluster_Margin,79.99,79.99,1.4724795974719274,1.2246467991473532e-16,-1.0,13,1039.87,4.1,13.36230769,250
health8,2018-07-01,Cluster_Margin,79.99,79.99,1.4724795974719274,-0.4999999999999997,-0.8660254037844388,10,799.9,4.1,16.745,250
health8,2018-08-01,Cluster_Margin,82.82142857,79.99,1.4985654095561693,-0.8660254037844385,-0.5000000000000004,7,579.74999999,4.1,12.41857143,250
health9,2017-02-01,Cluster_Volume,19.99,19.99,0.571306087453558,0.8660254037844386,0.5000000000000001,11,219.89,4.3,11.75090909,100
health9,2017-03-01,Cluster_Volume,19.99,19.99,0.3427444704806539,1.0,6.123233995736766e-17,9,179.91,4.3,13.81888889,100
health9,2017-04-01,Cluster_Volume,19.99,19.99,0.571306087453558,0.8660254037844387,-0.4999999999999998,13,259.87,4.3,18.03846154,100
health9,2017-05-01,Cluster_Volume,19.99,19.99,0.3427444704806539,0.49999999999999994,-0.8660254037844387,16,319.84,4.3,14.8475,100
health9,2017-06-01,Cluster_Volume,19.99,19.99,0.3553156132109364,1.2246467991473532e-16,-1.0,21,419.78999999999996,4.3,12.68333333,100
health9,2017-07-01,Cluster_Volume,19.99,19.99,0.3543558330473232,-0.4999999999999997,-0.8660254037844388,29,579.7099999999999,4.3,11.13517241,100
health9,2017-08-01,Cluster_Volume,23.39740741,19.99,0.40720082338312275,-0.8660254037844385,-0.5000000000000004,28,655.12740748,4.3,14.27678571,100
health9,2017-09-01,Cluster_Volume,23.99,23.39740741,0.4160837139388333,-1.0,-1.8369701987210297e-16,24,575.76,4.3,16.12,100
health9,2017-10-01,Cluster_Volume,23.99,23.99,0.4160837139388333,-0.8660254037844386,0.5000000000000001,27,647.7299999999999,4.3,13.13666667,100
health9,2017-11-01,Cluster_Volume,23.99,23.99,0.4160837139388333,-0.5000000000000004,0.8660254037844384,28,671.7199999999999,4.3,12.37535714,100
health9,2017-12-01,Cluster_Volume,23.99,23.99,0.4160837139388333,-2.4492935982947064e-16,1.0,19,455.80999999999995,4.3,12.45684211,100
health9,2018-01-01,Cluster_Volume,23.99,23.99,0.4160837139388333,0.49999999999999994,0.8660254037844387,19,455.80999999999995,4.3,11.28736842,100
health9,2018-02-01,Cluster_Volume,23.99,23.99,0.4160837139388333,0.8660254037844386,0.5000000000000001,14,335.85999999999996,4.3,12.55,100
health9,2018-03-01,Cluster_Volume,23.99,23.99,0.43168186180422263,1.0,6.123233995736766e-17,8,191.92,4.3,14.19875,100
health9,2018-05-01,Cluster_Volume,23.99,23.99,0.4416150211695404,0.49999999999999994,-0.8660254037844387,7,167.92999999999998,4.3,7.988571429,100
health9,2018-06-01,Cluster_Volume,23.99,23.99,0.4416150211695404,1.2246467991473532e-16,-1.0,3,71.97,4.3,16.27,100
health9,2018-07-01,Cluster_Volume,23.99,23.99,0.4416150211695404,-0.4999999999999997,-0.8660254037844388,3,71.97,4.3,18.81,100
health9,2018-08-01,Cluster_Volume,23.99,23.99,0.43407346137319236,-0.8660254037844385,-0.5000000000000004,2,47.98,4.3,16.77,100
perfumery1,2017-06-01,Cluster_Margin,56.99,56.99,1.0,1.2246467991473532e-16,-1.0,4,227.96,4.3,18.4525,250
perfumery1,2017-07-01,Cluster_Margin,56.99,56.99,1.0,-0.4999999999999997,-0.8660254037844388,7,398.93,4.3,11.75,250
perfumery1,2017-08-01,Cluster_Margin,56.99,56.99,0.666601684341859,-0.8660254037844385,-0.5000000000000004,7,398.93,4.3,13.58857143,250
perfumery1,2017-09-01,Cluster_Margin,56.99,56.99,0.666601684341859,-1.0,-1.8369701987210297e-16,17,968.83,4.3,13.74117647,250
perfumery1,2017-10-01,Cluster_Margin,56.99,56.99,0.666601684341859,-0.8660254037844386,0.5000000000000001,17,968.83,4.3,12.29294118,250
perfumery1,2017-11-01,Cluster_Margin,56.99,56.99,0.7368443735723829,-0.5000000000000004,0.8660254037844384,20,1139.8,4.3,12.714,250
perfumery1,2017-12-01,Cluster_Margin,56.99,56.99,0.7370031899301664,-2.4492935982947064e-16,1.0,24,1367.76,4.3,13.82,250
perfumery1,2018-01-01,Cluster_Margin,56.99,56.99,0.737321028117992,0.49999999999999994,0.8660254037844387,10,569.9,4.3,12.215,250
perfumery1,2018-02-01,Cluster_Margin,56.99,56.99,0.7373563603599086,0.8660254037844386,0.5000000000000001,4,227.96,4.3,14.5575,250
perfumery1,2018-03-01,Cluster_Margin,50.49,56.99,0.6926559356136821,1.0,6.123233995736766e-17,14,706.86,4.3,15.19642857,250
perfumery1,2018-04-01,Cluster_Margin,49.99,50.49,0.6880778142277075,0.8660254037844387,-0.4999999999999998,2,99.98,4.3,13.665,250
perfumery1,2018-07-01,Cluster_Margin,49.99,49.99,0.6857965977684288,-0.4999999999999997,-0.8660254037844388,8,399.92,4.3,12.5225,250
perfumery1,2018-08-01,Cluster_Margin,49.99,49.99,0.6914671255814916,-0.8660254037844385,-0.5000000000000004,4,199.96,4.3,12.28,250
perfumery2,2017-08-01,Cluster_Volume,142.5,142.5,1.2500365507763385,-0.8660254037844385,-0.5000000000000004,1,142.5,4.4,15.75,400
perfumery2,2017-09-01,Cluster_Volume,142.5,142.5,1.2500365507763385,-1.0,-1.8369701987210297e-16,1,142.5,4.4,9.19,400
perfumery2,2017-10-01,Cluster_Volume,142.5,142.5,1.2500365507763385,-0.8660254037844386,0.5000000000000001,2,285.0,4.4,17.15,400
perfumery2,2017-11-01,Cluster_Volume,118.05,142.5,1.208331911699478,-0.5000000000000004,0.8660254037844384,8,944.4,4.4,14.29375,400
perfumery2,2017-12-01,Cluster_Volume,118.0,118.05,1.208232362879279,-2.4492935982947064e-16,1.0,12,1416.0,4.4,11.02666667,400
perfumery2,2018-01-01,Cluster_Volume,117.9,118.0,1.2080330612384302,0.49999999999999994,0.8660254037844387,6,707.4000000000001,4.4,14.03833333,400
perfumery2,2018-02-01,Cluster_Volume,117.8888889,117.9,1.2080108998251926,0.8660254037844386,0.5000000000000001,11,1296.7777779,4.4,13.88090909,400
perfumery2,2018-03-01,Cluster_Volume,117.7,117.8888889,1.235090419392074,1.0,6.123233995736766e-17,4,470.8,4.4,15.175,400
perfumery2,2018-04-01,Cluster_Volume,117.975,117.7,1.23775966986081,0.8660254037844387,-0.4999999999999998,8,943.8,4.4,21.65,400
perfumery2,2018-05-01,Cluster_Volume,119.9,117.975,0.9999999999999999,0.49999999999999994,-0.8660254037844387,17,2038.3000000000002,4.4,15.85235294,400
perfumery2,2018-06-01,Cluster_Volume,119.1785714,119.9,1.0,1.2246467991473532e-16,-1.0,14,1668.4999996,4.4,14.17285714,400
perfumery2,2018-07-01,Cluster_Volume,118.7,119.1785714,1.2390827794982429,-0.4999999999999997,-0.8660254037844388,5,593.5,4.4,15.978,400
perfumery2,2018-08-01,Cluster_Volume,116.9066667,118.7,1.2357853443732667,-0.8660254037844385,-0.5000000000000004,17,1987.4133339,4.4,17.79058824,400
watches1,2017-03-01,Cluster_Volume,241.006,241.006,1.0,1.0,6.123233995736766e-17,5,1205.03,3.8,21.318,4338
watches1,2017-04-01,Cluster_Volume,255.61,241.006,1.0,0.8660254037844387,-0.4999999999999998,3,766.83,3.8,21.22666667,4338
watches1,2017-06-01,Cluster_Volume,185.0,255.61,1.0412757973733584,1.2246467991473532e-16,-1.0,5,925.0,3.8,14.74,4338
watches1,2017-07-01,Cluster_Volume,197.383,185.0,1.0643329674073783,-0.4999999999999997,-0.8660254037844388,10,1973.8300000000002,3.8,16.606,4338
watches1,2017-08-01,Cluster_Volume,179.9,197.383,1.0369489069900268,-0.8660254037844385,-0.5000000000000004,15,2698.5,3.8,14.92666667,4338
watches1,2017-09-01,Cluster_Volume,164.57,179.9,1.033042090316225,-1.0,-1.8369701987210297e-16,20,3291.3999999999996,3.8,19.528,4338
watches1,2017-10-01,Cluster_Volume,232.49,164.57,1.1626825365073015,-0.8660254037844386,0.5000000000000001,4,929.96,3.8,14.2125,4338
watches1,2017-11-01,Cluster_Volume,174.4333333,232.49,1.2596485595971796,-0.5000000000000004,0.8660254037844384,18,3139.7999993999997,3.8,20.99277778,4338
watches1,2017-12-01,Cluster_Volume,185.96,174.4333333,1.25943651797002,-2.4492935982947064e-16,1.0,5,929.8000000000001,3.8,18.686,4338
watches1,2018-01-01,Cluster_Volume,199.0,185.96,1.1798418972332017,0.49999999999999994,0.8660254037844387,2,398.0,3.8,21.88,4338
watches1,2018-02-01,Cluster_Volume,182.0,199.0,1.3054653409069346,0.8660254037844386,0.5000000000000001,6,1092.0,3.8,19.33,4338
watches1,2018-03-01,Cluster_Volume,151.8784375,182.0,1.2151487397643015,1.0,6.123233995736766e-17,32,4860.11,3.8,20.31375,4338
watches1,2018-04-01,Cluster_Volume,150.1333333,151.8784375,1.2483994544025403,0.8660254037844387,-0.4999999999999998,9,1351.1999997,3.8,19.44777778,4338
watches1,2018-05-01,Cluster_Volume,132.53125,150.1333333,1.1648580643518691,0.49999999999999994,-0.8660254037844387,32,4241.0,3.8,15.7621875,4338
watches1,2018-06-01,Cluster_Volume,138.22,132.53125,1.14477389431837,1.2246467991473532e-16,-1.0,15,2073.3,3.8,16.108,4338
watches1,2018-07-01,Cluster_Volume,155.0,138.22,1.2289764535099492,-0.4999999999999997,-0.8660254037844388,2,310.0,3.8,16.47,4338
watches1,2018-08-01,Cluster_Volume,145.5509091,155.0,1.2043901045068433,-0.8660254037844385,-0.5000000000000004,11,1601.0600001000003,3.8,21.89727273,4338
watches2,2017-06-01,Cluster_Volume,157.99,157.99,0.9367181169588332,1.2246467991473532e-16,-1.0,5,789.95,4.0,13.91,444
watches2,2017-07-01,Cluster_Volume,171.792,157.99,0.971004337625798,-0.4999999999999997,-0.8660254037844388,6,1030.752,4.0,14.95,444
watches2,2017-08-01,Cluster_Volume,169.9,171.792,0.9984930907612307,-0.8660254037844385,-0.5000000000000004,5,849.5,4.0,17.084,444
watches2,2017-09-01,Cluster_Volume,160.4,169.9,1.0157286566120503,-1.0,-1.8369701987210297e-16,10,1604.0,4.0,17.856,444
watches2,2017-10-01,Cluster_Volume,149.475,160.4,0.8675863136408927,-0.8660254037844386,0.5000000000000001,16,2391.6,4.0,18.505625,444
watches2,2017-11-01,Cluster_Volume,140.56,149.475,1.015036508145313,-0.5000000000000004,0.8660254037844384,26,3654.56,4.0,19.17230769,444
watches2,2017-12-01,Cluster_Volume,149.0,140.56,1.0091204623442298,-2.4492935982947064e-16,1.0,6,894.0,4.0,17.00333333,444
watches2,2018-01-01,Cluster_Volume,148.5,149.0,0.978046103183315,0.49999999999999994,0.8660254037844387,8,1188.0,4.0,14.165,444
watches2,2018-02-01,Cluster_Volume,145.9942857,148.5,1.0472004392956864,0.8660254037844386,0.5000000000000001,14,2043.9199998000001,4.0,15.12928571,444
watches2,2018-03-01,Cluster_Volume,123.9666667,145.9942857,0.9918322922783969,1.0,6.123233995736766e-17,9,1115.7000003,4.0,26.27222222,444
watches2,2018-04-01,Cluster_Volume,119.19,123.9666667,0.9910972313717273,0.8660254037844387,-0.4999999999999998,10,1191.9,4.0,21.229,444
watches2,2018-05-01,Cluster_Volume,118.1318182,119.19,1.038297013623722,0.49999999999999994,-0.8660254037844387,22,2598.9000004,4.0,14.71227273,444
watches2,2018-06-01,Cluster_Volume,139.9,118.1318182,1.1586880901109822,1.2246467991473532e-16,-1.0,1,139.9,4.0,18.86,444
watches2,2018-07-01,Cluster_Volume,138.98,139.9,1.101955790379437,-0.4999999999999997,-0.8660254037844388,5,694.9,4.0,23.162,444
watches2,2018-08-01,Cluster_Volume,138.0,138.98,1.141908597133897,-0.8660254037844385,-0.5000000000000004,3,414.0,4.0,23.52666667,444
watches3,2017-03-01,Cluster_Volume,78.0,78.0,0.5894117469257392,1.0,6.123233995736766e-17,1,78.0,3.9,17.98,250
watches3,2017-06-01,Cluster_Volume,78.0,78.0,0.5492957746478874,1.2246467991473532e-16,-1.0,3,234.0,3.9,10.3,250
watches3,2017-07-01,Cluster_Volume,78.0,78.0,0.5355010794167344,-0.4999999999999997,-0.8660254037844388,1,78.0,3.9,14.3,250
watches3,2017-08-01,Cluster_Volume,78.0,78.0,0.5590473039615506,-0.8660254037844385,-0.5000000000000004,5,390.0,3.9,18.22,250
watches3,2017-10-01,Cluster_Volume,78.0,78.0,0.5253822492646893,-0.8660254037844386,0.5000000000000001,3,234.0,3.9,12.13333333,250
watches3,2017-11-01,Cluster_Volume,78.0,78.0,0.5632672711677178,-0.5000000000000004,0.8660254037844384,2,156.0,3.9,7.8,250
watches3,2017-12-01,Cluster_Volume,78.0,78.0,0.5282644031063752,-2.4492935982947064e-16,1.0,6,468.0,3.9,19.69166667,250
watches3,2018-01-01,Cluster_Volume,78.0,78.0,0.6077922077922078,0.49999999999999994,0.8660254037844387,9,702.0,3.9,14.63333333,250
watches3,2018-02-01,Cluster_Volume,78.0,78.0,0.559485146102972,0.8660254037844386,0.5000000000000001,1,78.0,3.9,15.3,250
watches3,2018-03-01,Cluster_Volume,78.0,78.0,0.624062264938797,1.0,6.123233995736766e-17,1,78.0,3.9,19.24,250
watches3,2018-04-01,Cluster_Volume,78.0,78.0,0.6485911909304031,0.8660254037844387,-0.4999999999999998,16,1248.0,3.9,16.645625,250
watches3,2018-05-01,Cluster_Volume,78.0,78.0,0.6855660760722154,0.49999999999999994,-0.8660254037844387,5,390.0,3.9,10.24,250
watches3,2018-06-01,Cluster_Volume,78.0,78.0,0.6460162332284247,1.2246467991473532e-16,-1.0,39,3042.0,3.9,15.6825641,250
watches3,2018-07-01,Cluster_Volume,78.0,78.0,0.6184526669275874,-0.4999999999999997,-0.8660254037844388,40,3120.0,3.9,17.9795,250
watches3,2018-08-01,Cluster_Volume,77.82142857,78.0,0.6439489733719164,-0.8660254037844385,-0.5000000000000004,28,2178.99999996,3.9,13.09035714,250
watches4,2017-11-01,Cluster_Margin,108.0,108.0,0.7799085293091478,-0.5000000000000004,0.8660254037844384,13,1404.0,4.2,15.90846154,1000
watches4,2017-12-01,Cluster_Margin,108.0,108.0,0.7314430196857504,-2.4492935982947064e-16,1.0,13,1404.0,4.2,16.65384615,1000
watches4,2018-01-01,Cluster_Margin,108.0,108.0,0.780722891566265,0.49999999999999994,0.8660254037844387,44,4752.0,4.2,16.19636364,1000
watches4,2018-02-01,Cluster_Margin,108.0,108.0,0.7746717407579612,0.8660254037844386,0.5000000000000001,33,3564.0,4.2,18.25363636,1000
watches4,2018-03-01,Cluster_Margin,105.6428571,108.0,0.8452271881593805,1.0,6.123233995736766e-17,21,2218.4999991,4.2,21.6652381,1000
watches4,2018-04-01,Cluster_Margin,105.0,105.6428571,0.8731035262524656,0.8660254037844387,-0.4999999999999998,21,2205.0,4.2,13.63142857,1000
watches4,2018-05-01,Cluster_Margin,105.0,105.0,0.922877410097213,0.49999999999999994,-0.8660254037844387,37,3885.0,4.2,11.3772973,1000
watches4,2018-06-01,Cluster_Margin,105.0,105.0,0.869637237038264,1.2246467991473532e-16,-1.0,28,2940.0,4.2,23.82357143,1000
watches4,2018-07-01,Cluster_Margin,105.0,105.0,0.8325324362486753,-0.4999999999999997,-0.8660254037844388,8,840.0,4.2,24.93875,1000
watches4,2018-08-01,Cluster_Margin,105.0,105.0,0.8688434978192694,-0.8660254037844385,-0.5000000000000004,7,735.0,4.2,23.38571429,1000
watches5,2017-08-01,Cluster_Volume,229.9,229.9,1.2090047328806783,-0.8660254037844385,-0.5000000000000004,8,1839.2,4.1,15.14125,342
watches5,2017-09-01,Cluster_Volume,219.06,229.9,1.2343527796179277,-1.0,-1.8369701987210297e-16,10,2190.6,4.1,15.345,342
watches5,2017-10-01,Cluster_Volume,216.15,219.06,1.1112348767865101,-0.8660254037844386,0.5000000000000001,8,1729.2,4.1,19.1,342
watches5,2017-11-01,Cluster_Volume,203.2909091,216.15,1.4680399438713023,-0.5000000000000004,0.8660254037844384,12,2439.4909092,4.1,19.795,342
watches5,2017-12-01,Cluster_Volume,224.5428571,203.2909091,1.520743568945277,-2.4492935982947064e-16,1.0,28,6287.1999988,4.1,17.48678571,342
watches5,2018-01-01,Cluster_Volume,220.77,224.5428571,1.2549216514769692,0.49999999999999994,0.8660254037844387,10,2207.7000000000003,4.1,20.496,342
watches5,2018-02-01,Cluster_Volume,205.6857143,220.77,1.4753602809798674,0.8660254037844386,0.5000000000000001,21,4319.4000003,4.1,20.90238095,342
watches5,2018-03-01,Cluster_Volume,216.1875,205.6857143,1.7296725756596947,1.0,6.123233995736766e-17,16,3459.0,4.1,29.476875,342
watches5,2018-04-01,Cluster_Volume,204.3846154,216.1875,1.6995136039761332,0.8660254037844387,-0.4999999999999998,13,2657.0000002,4.1,4.088461538,342
watches5,2018-05-01,Cluster_Volume,199.0,204.3846154,1.7490724248509084,0.49999999999999994,-0.8660254037844387,17,3383.0,4.1,0.0,342
watches6,2017-06-01,Cluster_Volume,163.0,163.0,0.9569471624266144,1.2246467991473532e-16,-1.0,4,652.0,4.2,14.265,584
watches6,2017-07-01,Cluster_Volume,161.5909091,163.0,0.9312437382461588,-0.4999999999999997,-0.8660254037844388,11,1777.5000001,4.2,15.52545455,584
watches6,2017-08-01,Cluster_Volume,160.6692308,161.5909091,0.9616334924925481,-0.8660254037844385,-0.5000000000000004,13,2088.7000004,4.2,15.18538462,584
watches6,2017-09-01,Cluster_Volume,148.7785714,160.6692308,0.9658288225523377,-1.0,-1.8369701987210297e-16,18,2678.0142852,4.2,14.04111111,584
watches6,2017-10-01,Cluster_Volume,134.9,148.7785714,0.8057098488920743,-0.8660254037844386,0.5000000000000001,1,134.9,4.2,6.81,584
watches6,2017-11-01,Cluster_Volume,133.0,134.9,0.9604429110936727,-0.5000000000000004,0.8660254037844384,15,1995.0,4.2,19.91666667,584
watches6,2017-12-01,Cluster_Volume,149.0,133.0,1.0091204623442298,-2.4492935982947064e-16,1.0,4,596.0,4.2,19.1,584
watches6,2018-02-01,Cluster_Volume,128.2416667,149.0,0.9198629183351044,0.8660254037844386,0.5000000000000001,6,769.4500002,4.2,15.92666667,584
watches6,2018-03-01,Cluster_Volume,117.4412903,128.2416667,0.9396240720763177,1.0,6.123233995736766e-17,31,3640.6799993,4.2,18.26129032,584
watches6,2018-04-01,Cluster_Volume,105.648625,117.4412903,0.8784970193449942,0.8660254037844387,-0.4999999999999998,82,8980.133125,4.2,2.181647059,584
watches6,2018-05-01,Cluster_Volume,103.7925234,105.648625,0.9122645255509179,0.49999999999999994,-0.8660254037844387,82,11832.3476676,4.2,0.095438596,584
watches6,2018-06-01,Cluster_Volume,119.0,103.7925234,0.9855888686433658,1.2246467991473532e-16,-1.0,9,1071.0,4.2,19.20666667,584
watches6,2018-07-01,Cluster_Volume,118.3636364,119.0,0.9384911102413751,-0.4999999999999997,-0.8660254037844388,11,1302.0000004,4.2,15.48,584
watches6,2018-08-01,Cluster_Volume,112.0,118.3636364,0.9267663976738874,-0.8660254037844385,-0.5000000000000004,1,112.0,4.2,13.44,584
watches7,2017-08-01,Cluster_Volume,339.0,339.0,1.496536267250904,-0.8660254037844385,-0.5000000000000004,2,678.0,3.7,13.845,363
watches7,2017-09-01,Cluster_Volume,339.0,339.0,1.5589824897101014,-1.0,-1.8369701987210297e-16,1,339.0,3.7,13.94,363
watches7,2017-10-01,Cluster_Volume,346.158,339.0,1.45536670273058,-0.8660254037844386,0.5000000000000001,10,3461.58,3.7,13.455,363
watches7,2017-11-01,Cluster_Volume,345.7066667,346.158,2.496477574058933,-0.5000000000000004,0.8660254037844384,9,3111.3600003,3.7,14.27555556,363
watches7,2017-12-01,Cluster_Volume,348.8,345.7066667,2.362290048762868,-2.4492935982947064e-16,1.0,11,3836.8,3.7,16.10272727,363
watches7,2018-01-01,Cluster_Volume,339.9,348.8,1.576286906786211,0.49999999999999994,0.8660254037844387,1,339.9,3.7,17.13,363
watches7,2018-02-01,Cluster_Volume,347.0,339.9,2.4889916115093755,0.8660254037844386,0.5000000000000001,5,1735.0,3.7,17.176,363
watches7,2018-03-01,Cluster_Volume,307.8333333,347.0,2.462912400036636,1.0,6.123233995736766e-17,6,1846.9999997999998,3.7,18.22333333,363
watches7,2018-04-01,Cluster_Volume,280.6666667,307.8333333,2.333819584736147,0.8660254037844387,-0.4999999999999998,6,1684.0000002000002,3.7,18.16833333,363
watches7,2018-05-01,Cluster_Volume,258.9695652,280.6666667,2.276163444055022,0.49999999999999994,-0.8660254037844387,23,5956.2999996,3.7,13.63130435,363
watches7,2018-06-01,Cluster_Volume,245.9,258.9695652,2.0366075865496107,1.2246467991473532e-16,-1.0,4,983.6,3.7,14.795,363
watches7,2018-07-01,Cluster_Volume,169.3493182,245.9,1.3427504805533155,-0.4999999999999997,-0.8660254037844388,45,7620.719319,3.7,17.95355556,363
watches8,2017-07-01,Cluster_Volume,239.9,239.9,1.2017554765102056,-0.4999999999999997,-0.8660254037844388,2,479.8,4.1,14.805,335
watches8,2017-10-01,Cluster_Volume,239.9,239.9,1.1851010225757053,-0.8660254037844386,0.5000000000000001,2,479.8,4.1,11.22,335
watches8,2018-01-01,Cluster_Volume,229.9,239.9,1.2845967591730303,0.49999999999999994,0.8660254037844387,2,459.8,4.1,16.36,335
watches8,2018-02-01,Cluster_Volume,204.6181818,229.9,1.4677029915345832,0.8660254037844386,0.5000000000000001,11,2250.7999998,4.1,17.02545455,335
watches8,2018-03-01,Cluster_Volume,167.5,204.6181818,1.3401337099647244,1.0,6.123233995736766e-17,16,2680.0,4.1,17.154375,335
watches8,2018-04-01,Cluster_Volume,150.3423077,167.5,1.2501371333124114,0.8660254037844387,-0.4999999999999998,26,3908.9000002,4.1,17.50192308,335
watches8,2018-05-01,Cluster_Volume,145.1666667,150.3423077,1.2759146418718224,0.49999999999999994,-0.8660254037844387,30,4355.000001,4.1,16.259,335
watches8,2018-06-01,Cluster_Volume,152.6333333,145.1666667,1.2641488595328805,1.2246467991473532e-16,-1.0,3,457.8999999,4.1,19.17,335
watches8,2018-07-01,Cluster_Volume,157.1428571,152.6333333,1.245966911052766,-0.4999999999999997,-0.8660254037844388,14,2199.9999994,4.1,16.65714286,335
watches8,2018-08-01,Cluster_Volume,157.9454545,157.1428571,1.3069512490708026,-0.8660254037844385,-0.5000000000000004,11,1737.3999995000001,4.1,14.59272727,335
